analysis,date,recombined_construct,target,lane,adj_band_vol_int,band_vol_int,adj_lane_vol_int,lane_vol_int,bkgd_vol_int,norm_factor
endogenous,210323,G758A,ace2,1,28001820,40507434,30599778,53243190,22643412,N/A
endogenous,210323,G755A,ace2,2,53234214,73819350,54120528,80200626,26080098,N/A
endogenous,210331,G758A,ace2,1,9696060,19255500,12882672,44091432,31208760,N/A
endogenous,210331,G755A,ace2,2,32707092,51951372,34441176,69459456,35018280,N/A
endogenous,210409,G758A,ace2,1,19172802,40817766,28576152,88919688,60343536,N/A
endogenous,210409,G755A,ace2,2,43050282,78625536,48170958,112345926,64174968,N/A
endogenous,210517_1,G758A,ace2,1,1942425,7579125,2609100,30264975,27655875,N/A
endogenous,210517_1,G755A,ace2,2,9339300,16074375,10726050,39024450,28298400,N/A
endogenous,210517_2,G758A,ace2,1,3038175,11251650,3419325,34787925,31368600,N/A
endogenous,210517_2,G755A,ace2,2,22116525,32440200,22904925,56413200,33508275,N/A
vero,210517_1,G755A,ace2,2,9339300,16074375,10726050,39024450,28298400,N/A
vero,210517_1,VeroE6,ace2,3,38949600,44792400,44239875,71270700,27030825,N/A
vero,210517_2,G755A,ace2,2,22116525,32440200,22904925,56413200,33508275,N/A
vero,210517_2,VeroE6,ace2,3,81056175,90252525,88896225,123078300,34182075,N/A
vero,210517_3,G755A,ace2,2,11704104,16725960,12379032,28109808,15730776,N/A
vero,210517_3,VeroE6,ace2,3,51742725,56776575,62446425,80760150,18313725,N/A