date,expt,recombined_construct,pseudovirus_env,pseudovirus_inoc,live_singlets,pct_grn,pct_red,pct_grn_gvn_red,moi
200605,ACE2_muts,none,SARS1,400,267686,0.02615,1.567882,0.023827,0.000238298
200605,ACE2_muts,G698C,SARS1,400,254324,8.075919,45.587911,13.280893,0.142495946
200605,ACE2_muts,G734A,SARS1,400,275783,6.135621,52.41331,9.262731,0.097202009
200605,ACE2_muts,G735A,SARS1,400,234897,8.304491,49.765216,12.939596,0.138568009
200605,ACE2_muts,G719B,SARS1,400,294179,7.297938,72.130234,9.520623,0.10004824
200605,ACE2_muts,none,VSVG,16,230829,28.718662,1.646674,30.097343,0.358066526
200605,ACE2_muts,G698C,VSVG,16,255075,38.193473,45.487406,40.978393,0.527266589
200605,ACE2_muts,G734A,VSVG,16,257787,33.926847,52.173306,36.279889,0.450669959
200605,ACE2_muts,G735A,VSVG,16,235114,34.165979,49.320755,36.498793,0.454111272
200605,ACE2_muts,G719B,VSVG,16,245964,37.255452,74.429998,38.932982,0.493198269
200608,ACE2_muts,none,SARS1,200,62723,0.153054,0,0,0
200608,ACE2_muts,G698C,SARS1,200,65795,45.223801,48.176913,48.135529,0.656536197
200608,ACE2_muts,G734A,SARS1,200,81764,40.994814,60.026417,44.201304,0.583419686
200608,ACE2_muts,G735A,SARS1,200,88658,46.907216,53.01834,49.601106,0.685200956
200608,ACE2_muts,G719B,SARS1,200,82186,36.155793,88.034458,37.945046,0.477149839
200608,ACE2_muts,none,SARS2-FLAG,930,81224,0.156358,0.163745,43.609023,0.572861023
200608,ACE2_muts,G698C,SARS2-FLAG,930,72402,35.173062,46.134085,43.440513,0.569877234
200608,ACE2_muts,G734A,SARS2-FLAG,930,65991,20.654332,55.380279,26.238166,0.304328743
200608,ACE2_muts,G735A,SARS2-FLAG,930,48203,26.363504,50.532125,34.382954,0.421334676
200608,ACE2_muts,G719B,SARS2-FLAG,930,76528,25.739599,87.204683,27.694198,0.324265811
200608,ACE2_muts,none,VSVG,2,82440,8.353954,0.212276,28.571429,0.336472243
200608,ACE2_muts,G698C,VSVG,2,87211,4.687482,56.568552,4.984392,0.051129013
200608,ACE2_muts,G734A,VSVG,2,61295,3.917122,63.891019,4.190287,0.042806118
200608,ACE2_muts,G735A,VSVG,2,107811,3.870663,61.398188,3.950509,0.040306596
200608,ACE2_muts,G719B,VSVG,2,14947,5.579715,85.395063,5.656534,0.058228169
200617,Dilutions,G698C,SARS1,3.16E-06,169860,0,86.8,0,0
200617,Dilutions,G698C,SARS1,1.00E-05,167819,0.00417,87.2,0.0041,4.10E-05
200617,Dilutions,G698C,SARS1,3.16E-05,156737,0.00128,87.8,0.00145,1.45E-05
200617,Dilutions,G698C,SARS1,1.00E-04,172967,0.00289,87.9,0.00329,3.29E-05
200617,Dilutions,G698C,SARS1,0.000316228,196341,0.00764,87.1,0.00877,8.77E-05
200617,Dilutions,G698C,SARS1,0.001,163012,0.044,88.4,0.049,0.00049012
200617,Dilutions,G698C,SARS1,0.003162278,149377,0.16,88.2,0.17,0.001701447
200617,Dilutions,G698C,SARS1,0.01,163579,0.6,87.9,0.63,0.006319929
200617,Dilutions,G698C,SARS1,0.031622777,165491,2.44,86.9,2.54,0.025728149
200617,Dilutions,G698C,SARS1,0.1,160364,22.9,86.8,24.1,0.275753502
200617,Dilutions,G698C,SARS1,0.316227766,143947,63.4,84.1,66.1,1.081755172
200617,Dilutions,G698C,SARS1,1,100600,71,65.7,77.4,1.48722028
200617,Dilutions,G698C,SARS2,3.16E-06,171164,0.00526,88.8,0.00527,5.27E-05
200617,Dilutions,G698C,SARS2,1.00E-05,165557,0.00362,89.5,0.0027,2.70E-05
200617,Dilutions,G698C,SARS2,3.16E-05,163328,0,88.9,0,0
200617,Dilutions,G698C,SARS2,1.00E-04,172529,0,89.3,0,0
200617,Dilutions,G698C,SARS2,0.000316228,172191,0.00348,88.9,0.00392,3.92E-05
200617,Dilutions,G698C,SARS2,0.001,158462,0.000631,88.6,0.000712,7.12E-06
200617,Dilutions,G698C,SARS2,0.003162278,168384,0.00534,89.3,0.00532,5.32E-05
200617,Dilutions,G698C,SARS2,0.01,162064,0.023,89,0.024,0.000240029
200617,Dilutions,G698C,SARS2,0.031622777,146467,0.06,88,0.061,0.000610186
200617,Dilutions,G698C,SARS2,0.1,139144,0.19,88.8,0.2,0.002002003
200617,Dilutions,G698C,SARS2,0.316227766,125762,0.82,85.4,0.87,0.008738066
200617,Dilutions,G698C,SARS2,1,96101,4.92,67,5.86,0.06038715
200629,Kozaks,None,None,0,129947,0.00154,0.037708,2.040816,0.020619284
200629,Kozaks,G758A,None,0,67196,0.00149,68.785344,0.00216,2.16E-05
200629,Kozaks,G698C,None,0,57222,0.017476,34.977806,0.029978,0.000299825
200629,Kozaks,G734A,None,0,81199,0.00493,41.451249,0,0
200629,Kozaks,G735A,None,0,51661,0.00581,33.985018,0.0057,5.70E-05
200629,Kozaks,G755A,None,0,65716,0.00304,19.56449,0,0
200629,Kozaks,G756A,None,0,66937,0.00896,8.490073,0,0
200629,Kozaks,G757A,None,0,52150,0.019175,21.463087,0.026802,0.000268056
200629,Kozaks,None,SARS2,300,70425,0.019879,0.051118,2.777778,0.028170879
200629,Kozaks,G758A,SARS2,300,27155,0.025778,92.340269,0.011964,0.000119647
200629,Kozaks,G698C,SARS2,300,26280,0.715373,42.416286,1.067552,0.010732912
200629,Kozaks,G734A,SARS2,300,39264,0.440607,54.118276,0.597675,0.005994682
200629,Kozaks,G735A,SARS2,300,27746,0.828948,37.616233,1.360544,0.013698842
200629,Kozaks,G755A,SARS2,300,39759,0.083,43.559949,0.127028,0.001271087
200629,Kozaks,G756A,SARS2,300,23678,0.03801,17.569051,0.120192,0.001202643
200629,Kozaks,G757A,SARS2,300,29306,0.027298,36.76039,0.027847,0.000278509
200629,Kozaks,None,SARS1,100,10135,0.207203,0.542674,0,0
200629,Kozaks,G758A,SARS1,100,48213,0.018667,72.29378,0.011476,0.000114767
200629,Kozaks,G698C,SARS1,100,55173,2.031791,37.297229,3.217028,0.032699116
200629,Kozaks,G734A,SARS1,100,68644,1.264495,42.407202,1.920302,0.019389793
200629,Kozaks,G735A,SARS1,100,49798,2.634644,34.519459,4.333915,0.044306339
200629,Kozaks,G755A,SARS1,100,64144,1.124033,21.843041,2.462351,0.024931739
200629,Kozaks,G756A,SARS1,100,55432,0.472651,9.400707,1.573594,0.015861064
200629,Kozaks,G757A,SARS1,100,51115,0.361929,23.274968,0.815332,0.00818674
200629,Kozaks,None,VSVG,3,100814,1.161545,0.036701,2.702703,0.027398977
200629,Kozaks,G758A,VSVG,3,51806,1.221866,67.941937,1.22166,0.012291836
200629,Kozaks,G698C,VSVG,3,66289,1.060508,35.772149,1.353688,0.013629339
200629,Kozaks,G734A,VSVG,3,66690,1.088619,42.946469,1.270905,0.012790501
200629,Kozaks,G735A,VSVG,3,39652,1.028952,32.936548,1.324655,0.013335068
200629,Kozaks,G755A,VSVG,3,76786,1.08874,21.477874,1.406743,0.014167314
200629,Kozaks,G756A,VSVG,3,54222,1.038324,9.625244,1.647825,0.016615527
200629,Kozaks,G757A,VSVG,3,55477,1.020243,19.31431,1.353243,0.013624828
200702,Kozaks,G758A,SARS2,375,109952,0.083673,89.431752,0.024407,0.0002441
200702,Kozaks,G698C,SARS2,375,61185,1.278091,43.623437,1.513619,0.015251911
200702,Kozaks,G734A,SARS2,375,102100,0.928501,48.190989,1.022295,0.010275563
200702,Kozaks,G735A,SARS2,375,57199,1.421354,42.084652,1.603523,0.016165185
200702,Kozaks,G755A,SARS2,375,95285,0.146928,18.178097,0.184747,0.001849179
200702,Kozaks,G756A,SARS2,375,59627,0.109011,12.628507,0.053121,0.000531351
200702,Kozaks,G757A,SARS2,375,93548,0.076966,18.248386,0.08201,0.000820436
200702,Kozaks,G758A,SARS1,100,123211,0.037334,81.226514,0.029976,0.000299805
200702,Kozaks,G698C,SARS1,100,121594,4.140007,21.635936,7.830318,0.081538938
200702,Kozaks,G734A,SARS1,100,133167,2.531408,26.358632,4.242044,0.04334647
200702,Kozaks,G735A,SARS1,100,110085,5.156924,21.794068,9.907469,0.104332922
200702,Kozaks,G755A,SARS1,100,129468,0.44876,12.286434,1.030993,0.010363445
200702,Kozaks,G756A,SARS1,100,117507,0.158288,4.978427,0.547009,0.005485106
200702,Kozaks,G757A,SARS1,100,137252,0.123131,12.728412,0.25186,0.002521777
200702,Kozaks,G758A,VSVG,5,136021,6.151256,70.455297,5.181877,0.053209624
200702,Kozaks,G698C,VSVG,5,152259,5.679139,20.385002,5.715574,0.058854164
200702,Kozaks,G734A,VSVG,5,164347,5.959342,22.20363,5.721959,0.058921887
200702,Kozaks,G735A,VSVG,5,147291,5.684665,21.686322,5.61643,0.057803175
200702,Kozaks,G755A,VSVG,5,143604,6.070862,11.609704,6.297985,0.065050492
200702,Kozaks,G756A,VSVG,5,132041,5.699745,3.639021,6.722164,0.069587663
200702,Kozaks,G757A,VSVG,5,144809,5.454081,9.991782,5.694934,0.058635276
200706,Kozaks,G758A,SARS2,200,85114,0.027023,80.422727,0.021913,0.000219154
200706,Kozaks,G698C,SARS2,200,89012,0.085382,6.926032,0.194647,0.001948367
200706,Kozaks,G734A,SARS2,200,92665,0.123024,10.95883,0.246184,0.002464875
200706,Kozaks,G735A,SARS2,200,88215,0.103157,5.33356,0.31881,0.003193193
200706,Kozaks,G755A,SARS2,200,101791,0.041261,4.55443,0.129422,0.001295058
200706,Kozaks,G756A,SARS2,200,75863,0.0145,1.489527,0.088496,0.000885352
200706,Kozaks,G757A,SARS2,200,89858,0.016693,3.820472,0.029129,0.000291332
200706,Kozaks,G758A,SARS1,100,90790,0.037449,76.636193,0.034494,0.000345
200706,Kozaks,G698C,SARS1,100,105679,1.181881,6.678716,1.898555,0.01916809
200706,Kozaks,G734A,SARS1,100,113679,0.890226,11.40756,1.156693,0.011634347
200706,Kozaks,G735A,SARS1,100,101993,1.91974,5.626857,3.972818,0.040538889
200706,Kozaks,G755A,SARS1,100,87759,0.554929,5.065008,1.034871,0.01040263
200706,Kozaks,G756A,SARS1,100,90706,0.255771,1.427689,1.467181,0.014780505
200706,Kozaks,G757A,SARS1,100,92686,0.135943,3.688799,0.467973,0.004690714
200706,Kozaks,G758A,VSVG,5,83885,5.881862,77.702807,6.245685,0.064492496
200706,Kozaks,G698C,VSVG,5,120316,5.996709,6.711493,6.662539,0.068948647
200706,Kozaks,G734A,VSVG,5,127854,5.813662,11.090775,6.593794,0.068212398
200706,Kozaks,G735A,VSVG,5,122598,5.907927,5.99031,7.12146,0.073877568
200706,Kozaks,G755A,VSVG,5,92930,5.856021,4.831594,7.438753,0.077299631
200706,Kozaks,G756A,VSVG,5,95754,5.987217,1.520563,7.760989,0.080787032
200706,Kozaks,G757A,VSVG,5,105116,5.898246,3.269721,6.080884,0.062736242
200707,Kozaks,G758A,SARS2,750,117675,0.056087,93.332484,0.03551,0.000355163
200707,Kozaks,G698C,SARS2,750,171088,0.156645,74.054288,0.156277,0.001563992
200707,Kozaks,G734A,SARS2,750,178028,0.124138,76.971038,0.115303,0.001153695
200707,Kozaks,G735A,SARS2,750,132342,0.163213,71.282737,0.156884,0.001570072
200707,Kozaks,G755A,SARS2,750,133134,0.096895,60.458636,0.090693,0.000907342
200707,Kozaks,G756A,SARS2,750,115323,0.066769,51.705211,0.035218,0.000352242
200707,Kozaks,G757A,SARS2,750,144487,0.071979,59.812301,0.052071,0.000520846
200707,Kozaks,G758A,SARS1,500,107817,0.073272,92.589295,0.060104,0.000601221
200707,Kozaks,G698C,SARS1,500,145800,8.814815,74.611111,9.903202,0.10428556
200707,Kozaks,G734A,SARS1,500,133969,4.635401,80.443237,5.117427,0.052530133
200707,Kozaks,G735A,SARS1,500,129873,6.064386,73.668892,7.006982,0.072645771
200707,Kozaks,G755A,SARS1,500,102888,0.686183,61.496968,0.867669,0.008714552
200707,Kozaks,G756A,SARS1,500,97171,0.280948,55.354993,0.37926,0.00379981
200707,Kozaks,G757A,SARS1,500,96049,0.240502,63.306229,0.312474,0.003129632
200707,Kozaks,G758A,VSVG,6,113240,2.370187,93.167609,2.442585,0.02472911
200707,Kozaks,G698C,VSVG,6,147412,2.069031,79.928364,2.137086,0.021602523
200707,Kozaks,G734A,VSVG,6,152778,2.018615,84.628022,2.094468,0.021167131
200707,Kozaks,G735A,VSVG,6,155790,2.168945,74.097182,2.305173,0.023321576
200707,Kozaks,G755A,VSVG,6,110380,2.180649,63.152745,2.408619,0.024381006
200707,Kozaks,G756A,VSVG,6,102960,2.276612,51.720085,2.589623,0.026237441
200707,Kozaks,G757A,VSVG,6,116888,2.292793,64.546403,2.543507,0.025764133
200707,Constructs,none,SARS2,800,127868,0.118873,0.007039,0,0
200707,Constructs,G627B,SARS2,800,133553,0.7892,67.877172,0.978467,0.009832854
200707,Constructs,G698C,SARS2,800,136471,0.874178,40.717808,1.086957,0.010929075
200707,Constructs,G714C,SARS2,800,130325,0.646844,59.903319,0.773675,0.007766834
200707,Constructs,G719B,SARS2,800,127589,1.513453,83.89438,1.615284,0.016284719
200707,Constructs,none,SARS1,220,124990,0.060805,0.203216,1.181102,0.011881324
200707,Constructs,G627B,SARS1,220,130930,0.539219,70.834033,0.65234,0.00654477
200707,Constructs,G698C,SARS1,220,116993,0.926551,60.396776,0.99349,0.00998458
200707,Constructs,G714C,SARS1,220,126791,0.496881,60.442776,0.592411,0.005941727
200707,Constructs,G719B,SARS1,220,102422,1.6598,90.79397,1.738841,0.017541364
200709,Kozaks,G758A,SARS2,1000,80612,0.395723,91.598025,0.159807,0.001599348
200709,Kozaks,G698C,SARS2,1000,111946,0.606542,67.750523,0.619693,0.006216211
200709,Kozaks,G734A,SARS2,1000,102654,0.457849,72.443353,0.414168,0.004150281
200709,Kozaks,G735A,SARS2,1000,95922,0.608828,68.096995,0.610839,0.006127123
200709,Kozaks,G755A,SARS2,1000,90405,0.278746,57.306565,0.233555,0.002338282
200709,Kozaks,G756A,SARS2,1000,89877,0.25368,48.557473,0.190184,0.001903651
200709,Kozaks,G757A,SARS2,1000,84814,0.215766,54.547598,0.108075,0.001081334
200709,Kozaks,G758A,SARS1,300,68847,0.097317,91.778872,0.066469,0.000664911
200709,Kozaks,G698C,SARS1,300,97916,3.011765,71.050697,3.438264,0.034987631
200709,Kozaks,G734A,SARS1,300,84194,2.514431,72.176165,2.912717,0.029559787
200709,Kozaks,G735A,SARS1,300,94076,3.247374,68.161912,3.88778,0.039653719
200709,Kozaks,G755A,SARS1,300,95580,0.309688,58.694288,0.376114,0.003768231
200709,Kozaks,G756A,SARS1,300,81069,0.166525,51.437664,0.196643,0.001968366
200709,Kozaks,G757A,SARS1,300,115699,0.143476,59.694552,0.152028,0.001521437
200709,Kozaks,G758A,VSVG,5,98698,2.230035,92.707046,2.244809,0.022703884
200709,Kozaks,G698C,VSVG,5,134498,1.558387,78.111199,1.64195,0.016555794
200709,Kozaks,G734A,VSVG,5,133074,1.656973,79.406195,1.710057,0.017248473
200709,Kozaks,G735A,VSVG,5,147933,1.540562,77.743303,1.557283,0.01569536
200709,Kozaks,G755A,VSVG,5,109538,1.801201,61.515638,1.893653,0.019118122
200709,Kozaks,G756A,VSVG,5,101322,1.734076,50.154952,1.908772,0.019272242
200709,Kozaks,G757A,VSVG,5,111507,1.855489,60.705606,2.015039,0.020356178
200709,Dilutions,G627B,SARS1,3.16E-06,72185,0.022165,85.21715,0.009754,9.75E-05
200709,Dilutions,G627B,SARS1,0.00001,73211,0.077857,85.051427,0.01606,0.000160613
200709,Dilutions,G627B,SARS1,3.16E-05,73140,0.028712,85.350014,0.017621,0.000176226
200709,Dilutions,G627B,SARS1,0.0001,52527,0.028557,8.302397,0.068792,0.000688157
200709,Dilutions,G627B,SARS1,0.000316228,75544,0.02118,85.012708,0.017128,0.000171295
200709,Dilutions,G627B,SARS1,0.001,77903,0.047495,85.15975,0.040698,0.000407063
200709,Dilutions,G627B,SARS1,0.003162278,73999,0.062163,84.86466,0.062103,0.000621223
200709,Dilutions,G627B,SARS1,0.01,72722,0.187014,85.148923,0.203482,0.002036893
200709,Dilutions,G627B,SARS1,0.031622777,70834,0.543524,84.892848,0.600336,0.006021453
200709,Dilutions,G627B,SARS1,0.1,73770,2.437305,84.082961,2.726188,0.02764038
200709,Dilutions,G627B,SARS1,0.316227766,82446,16.428935,82.5789,18.713923,0.207195439
200709,Dilutions,G627B,SARS1,1,59690,69.696767,76.372927,79.233115,1.571810535
200710,Kozaks,G758A,SARS2,1000,48793,0.092226,83.792757,0.066039,0.000660608
200710,Kozaks,G698C,SARS2,1000,78449,13.880355,19.851113,18.525653,0.204881976
200710,Kozaks,G734A,SARS2,1000,70801,5.717433,24.122541,7.851748,0.081771471
200710,Kozaks,G735A,SARS2,1000,69790,11.961599,17.170082,16.949011,0.185715442
200710,Kozaks,G755A,SARS2,1000,58882,0.424578,10.578785,0.561888,0.005634725
200710,Kozaks,G756A,SARS2,1000,60400,0.173841,4.874172,0.407609,0.00408442
200710,Kozaks,G757A,SARS2,1000,57195,0.075181,9.883731,0.088449,0.000884881
200710,Kozaks,G758A,SARS1,400,40574,0.125696,83.610194,0.120858,0.001209311
200710,Kozaks,G698C,SARS1,400,64354,49.898996,17.4892,56.712572,0.83730794
200710,Kozaks,G734A,SARS1,400,70397,46.781823,19.88437,54.400629,0.785276263
200710,Kozaks,G735A,SARS1,400,75970,51.288667,13.775174,60.401338,0.926374856
200710,Kozaks,G755A,SARS1,400,51940,3.199846,9.202926,6.422594,0.066381221
200710,Kozaks,G756A,SARS1,400,58545,1.371594,4.432488,3.930636,0.040099714
200710,Kozaks,G757A,SARS1,400,61707,1.116567,9.128624,2.73389,0.027719562
200710,Kozaks,G758A,VSVG,5,65657,1.477375,70.414426,1.594134,0.01606977
200710,Kozaks,G698C,VSVG,5,111906,1.167051,20.153522,1.3302,0.013391264
200710,Kozaks,G734A,VSVG,5,99106,1.252195,24.045971,1.443498,0.014540178
200710,Kozaks,G735A,VSVG,5,94811,1.196064,18.372341,1.458178,0.014689139
200710,Kozaks,G755A,VSVG,5,64310,1.284404,8.0283,1.64633,0.016600326
200710,Kozaks,G756A,VSVG,5,67092,1.325046,4.593692,1.719663,0.017346209
200710,Kozaks,G757A,VSVG,5,74100,1.388664,7.928475,1.6,0.016129382
200713,Kozaks,G758A,SARS2,1000,33083,0.090681,75.875827,0.071707,0.000717327
200713,Kozaks,G698C,SARS2,1000,54801,2.801044,21.806171,3.866109,0.039428268
200713,Kozaks,G734A,SARS2,1000,53360,1.735382,27.678036,2.227639,0.022528256
200713,Kozaks,G735A,SARS2,1000,45189,2.325787,21.341477,3.245541,0.032993767
200713,Kozaks,G755A,SARS2,1000,40736,0.208661,10.155636,0.435098,0.004360473
200713,Kozaks,G756A,SARS2,1000,42217,0.262927,4.886657,0.678623,0.006809361
200713,Kozaks,G757A,SARS2,1000,38653,0.085375,10.462319,0.148368,0.001484782
200713,Kozaks,G758A,SARS1,450,27374,0.113246,73.650179,0.084321,0.000843566
200713,Kozaks,G698C,SARS1,450,54681,44.115872,22.055193,50.008292,0.693313034
200713,Kozaks,G734A,SARS1,450,40942,38.530116,27.661082,44.538631,0.589483462
200713,Kozaks,G735A,SARS1,450,45353,36.941327,21.475977,44.620123,0.590953889
200713,Kozaks,G755A,SARS1,450,37050,0.491228,9.835358,1.097695,0.011037641
200713,Kozaks,G756A,SARS1,450,39445,0.22056,4.958803,0.408998,0.004098367
200713,Kozaks,G757A,SARS1,450,35856,0.198014,10.218652,0.409389,0.004102293
200713,Kozaks,G758A,VSVG,5,39120,1.54908,61.418712,1.664794,0.016788074
200713,Kozaks,G698C,VSVG,5,72415,0.932127,18.675689,1.19787,0.012051023
200713,Kozaks,G734A,VSVG,5,59718,0.998024,23.334673,0.932903,0.009372818
200713,Kozaks,G735A,VSVG,5,59590,1.173016,17.105219,1.216521,0.012239812
200713,Kozaks,G755A,VSVG,5,53237,1.130792,6.850499,1.179051,0.011860569
200713,Kozaks,G756A,VSVG,5,41739,1.358442,3.493136,1.303155,0.013117206
200713,Kozaks,G757A,VSVG,5,49656,1.323103,6.959884,1.533565,0.015454457
200713,Constructs,None,SARS2,1000,68400,0.048246,0.01462,0,0
200713,Constructs,G627B,SARS2,1000,87283,0.341418,63.444199,0.455071,0.004561096
200713,Constructs,G698C,SARS2,1000,101200,0.363636,32.556324,0.473488,0.004746125
200713,Constructs,G714C,SARS2,1000,82175,0.40645,52.306663,0.500198,0.005014532
200713,Constructs,G719B,SARS2,1000,80913,0.438743,79.647275,0.479479,0.004806322
200713,Constructs,None,SARS1,250,50748,0.027587,0.390163,0,0
200713,Constructs,G627B,SARS1,250,84677,1.496274,63.767021,1.976072,0.019958574
200713,Constructs,G698C,SARS1,250,81566,1.543535,43.016698,1.855388,0.018728162
200713,Constructs,G714C,SARS1,250,86380,1.3348,56.685575,1.605228,0.016182513
200713,Constructs,G719B,SARS1,250,82806,1.881506,80.073908,2.073719,0.020955225
200713,Constructs,None,VSVG,5,74948,3.006084,0.232161,0.574713,0.005763708
200713,Constructs,G627B,VSVG,5,121469,2.805654,71.081511,2.926733,0.029704163
200713,Constructs,G698C,VSVG,5,154668,2.110327,37.954845,2.388253,0.024172341
200713,Constructs,G714C,VSVG,5,112640,2.192827,65.265447,2.485207,0.025166096
200713,Constructs,G719B,VSVG,5,162029,1.939159,91.890958,2.008194,0.020286323
200709,Constructs,none,SARS2,650,78.63805,0.142477,0.044408,4.166667,0.042559618
200709,Constructs,G627B,SARS2,650,76.245138,0.48996,84.209629,0.484248,0.004854243
200709,Constructs,G698C,SARS2,650,74.428308,0.280961,59.278824,0.353835,0.003544625
200709,Constructs,G714C,SARS2,650,75.995803,0.345176,87.054591,0.376679,0.003773902
200709,Constructs,G719B,SARS2,650,74.159106,0.247129,97.15863,0.273338,0.002737123
200709,Constructs,none,SARS1,300,80.989776,0.192051,0.571469,1.229508,0.01237129
200709,Constructs,G627B,SARS1,300,81.984083,6.747259,85.177529,7.604939,0.079096661
200709,Constructs,G698C,SARS1,300,78.809568,9.919496,53.109163,11.816243,0.125747401
200709,Constructs,G714C,SARS1,300,77.755118,7.861036,89.680284,8.40781,0.08782418
200709,Constructs,G719B,SARS1,300,77.68564,13.189873,97.944706,13.632012,0.146553088
200709,Constructs,none,VSVG,5,79.678738,2.249219,1.208778,11.073826,0.117363666
200709,Constructs,G627B,VSVG,5,81.842343,2.110006,88.011187,2.160864,0.021845525
200709,Constructs,G698C,VSVG,5,77.932202,1.946297,52.961756,2.139127,0.021623379
200709,Constructs,G714C,VSVG,5,79.237907,2.594538,92.856314,2.742573,0.027808836
200709,Constructs,G719B,VSVG,5,78.298295,1.463342,98.652382,1.511712,0.015232548
200710,Dilutions,G627B,SARS1,0.000316228,173508,0.002305,76.466791,0.002261,2.26E-05
200710,Dilutions,G627B,SARS1,0.001,168197,0.005351,76.544171,0.003884,3.88E-05
200710,Dilutions,G627B,SARS1,0.003162278,141636,0.026123,76.193199,0.032432,0.000324373
200710,Dilutions,G627B,SARS1,0.01,156817,0.072059,76.290198,0.083587,0.00083622
200710,Dilutions,G627B,SARS1,0.031622777,169108,0.246588,75.854484,0.278306,0.00278694
200710,Dilutions,G627B,SARS1,0.1,174119,1.405935,75.589683,1.553003,0.015651884
200710,Dilutions,G627B,SARS1,0.316227766,144590,16.506674,74.020333,18.441313,0.203847339
200710,Dilutions,G627B,SARS1,1,28222,52.866558,57.752817,64.94877,1.04835948
200714,Dilutions,G627B,SARS1,0.0001,112265,0.061462,77.429297,0.064423,0.000644438
200714,Dilutions,G627B,SARS1,0.000316228,111086,0.020705,77.782979,0.024304,0.00024307
200714,Dilutions,G627B,SARS1,0.001,117589,0.02126,78.251367,0.019562,0.000195639
200714,Dilutions,G627B,SARS1,0.003162278,104458,0.032549,77.954776,0.030701,0.000307057
200714,Dilutions,G627B,SARS1,0.01,104641,0.105121,77.818446,0.11298,0.001130439
200714,Dilutions,G627B,SARS1,0.031622777,106825,0.322958,79.044231,0.350549,0.003511649
200714,Dilutions,G627B,SARS1,0.1,94499,1.997905,78.04527,2.204686,0.022293524
200714,Dilutions,G627B,SARS1,0.316227766,110079,17.323922,78.117534,18.704283,0.207076852
200714,Dilutions,G627B,SARS1,1,42829,52.081534,70.898223,59.278775,0.898420731
200716,S1_v_S2,G627B,SARS2,1350,22291,NA,97.801803,0.477042,0.004781835
200716,S1_v_S2,G627B,SARS1,850,19680,NA,98.267276,4.534878,0.04640922
200716,S1_v_S2,G627B,SARS1,350,20140,NA,98.182721,1.598058,0.016109646
200716,S1_v_S2,G627B,SARS1,150,12603,NA,97.984607,0.639728,0.00641783
200717,S1_v_S2,G627B,SARS2,1400,29071,NA,88.273537,1.531447,0.015432948
200717,S1_v_S2,G627B,SARS1,200,40757,NA,97.867851,2.261332,0.022872922
200717,S1_v_S2,G627B,SARS1,1200,24863,NA,97.2811,28.734444,0.338757061
200718,S1_v_S2,G698C,SARS2,1400,16513,NA,94.440744,2.398205,0.024274301
200718,S1_v_S2,G698C,SARS1,150,25494,NA,96.952224,2.540761,0.025735957
200718,S1_v_S2,G698C,SARS1,1250,18235,NA,82.709076,57.916722,0.865519721
200724,S1_v_S2,G627B,SARS2,1400,125717,0.184541,93.086854,0.192265,0.001924501
200724,S1_v_S2,G627B,SARS1,150,177754,0.31898,94.509266,0.33394,0.003344988
200724,S1_v_S2,G627B,SARS1,1250,139366,26.668628,93.034887,28.083666,0.32966677
200925,ACE2_mut_panel,G758A,VSVG,20,62499,NA,77.746844,5.101768,0.052365111
200925,ACE2_mut_panel,G755A,VSVG,20,41040,NA,72.11501,5.517638,0.056757014
200925,ACE2_mut_panel,G756A,VSVG,20,30080,NA,74.614362,3.622349,0.036895847
200925,ACE2_mut_panel,G757A,VSVG,20,39116,NA,69.265774,6.805935,0.070486147
200925,ACE2_mut_panel,G820A,VSVG,20,41573,NA,82.252905,4.813569,0.049332786
200925,ACE2_mut_panel,G821A,VSVG,20,26313,NA,90.715616,4.390448,0.044897455
200925,ACE2_mut_panel,G822A,VSVG,20,39363,NA,83.779183,4.214931,0.043063369
200925,ACE2_mut_panel,G823B,VSVG,20,41528,NA,89.554036,3.79672,0.038706733
200925,ACE2_mut_panel,G825C,VSVG,20,50824,NA,64.983079,5.368335,0.055178041
200925,ACE2_mut_panel,G826A,VSVG,20,41041,NA,89.006116,4.005037,0.040874465
200925,ACE2_mut_panel,G827A,VSVG,20,29678,NA,92.021026,4.851703,0.04973349
200925,ACE2_mut_panel,G824D,VSVG,20,40786,NA,82.079635,3.659229,0.037278582
200925,ACE2_mut_panel,G758A,SARS1,50,45592,NA,82.942183,0.034378,0.000343839
200925,ACE2_mut_panel,G755A,SARS1,50,60508,NA,78.84412,0.473725,0.004748506
200925,ACE2_mut_panel,G756A,SARS1,50,45876,NA,86.132182,0.184745,0.001849159
200925,ACE2_mut_panel,G757A,SARS1,50,45845,NA,74.810775,0.12246,0.00122535
200925,ACE2_mut_panel,G820A,SARS1,50,34457,NA,87.201439,0.003328,3.33E-05
200925,ACE2_mut_panel,G821A,SARS1,50,33457,NA,91.036255,0.019699,0.000197009
200925,ACE2_mut_panel,G822A,SARS1,50,50339,NA,85.714853,0.794938,0.007981145
200925,ACE2_mut_panel,G823B,SARS1,50,58845,NA,90.6857,0.007496,7.50E-05
200925,ACE2_mut_panel,G825C,SARS1,50,32408,NA,80.316588,0.026893,0.000268966
200925,ACE2_mut_panel,G826A,SARS1,50,53676,NA,89.846486,0.630365,0.006323602
200925,ACE2_mut_panel,G827A,SARS1,50,51319,NA,91.930864,0.398491,0.003992871
200925,ACE2_mut_panel,G824D,SARS1,50,49709,NA,80.389869,0.505493,0.005067749
200925,ACE2_mut_panel,G758A,SARS2,750,54192,NA,82.633968,0.042429,0.00042438
200925,ACE2_mut_panel,G755A,SARS2,750,51253,NA,77.558387,0.294332,0.00294766
200925,ACE2_mut_panel,G756A,SARS2,750,56908,NA,78.814929,0.040132,0.000401401
200925,ACE2_mut_panel,G757A,SARS2,750,48181,NA,69.986094,0.118624,0.001186944
200925,ACE2_mut_panel,G820A,SARS2,750,36803,NA,84.044779,0.038796,0.000388035
200925,ACE2_mut_panel,G821A,SARS2,750,52885,NA,86.744824,0.082834,0.000828683
200925,ACE2_mut_panel,G822A,SARS2,750,59058,NA,80.996647,0.150517,0.001506304
200925,ACE2_mut_panel,G823B,SARS2,750,68667,NA,86.271426,0.038825,0.000388325
200925,ACE2_mut_panel,G825C,SARS2,750,61218,NA,73.311771,0.028966,0.000289702
200925,ACE2_mut_panel,G826A,SARS2,750,64357,NA,84.50829,0.200416,0.002006171
200925,ACE2_mut_panel,G827A,SARS2,750,36813,NA,88.368239,0.1537,0.001538182
200925,ACE2_mut_panel,G824D,SARS2,750,57292,NA,75.25658,0.10437,0.001044245
200930,ACE2_mut_panel,G758A,VSVG,20,23853,NA,76.208443,1.875894,0.018937121
200930,ACE2_mut_panel,G755A,VSVG,20,15688,NA,73.59128,1.862278,0.018798367
200930,ACE2_mut_panel,G756A,VSVG,20,29840,NA,71.464477,3.179367,0.032310064
200930,ACE2_mut_panel,G757A,VSVG,20,15947,NA,74.659811,2.603729,0.026382261
200930,ACE2_mut_panel,G820A,VSVG,20,35238,NA,63.403144,1.597887,0.016107909
200930,ACE2_mut_panel,G821A,VSVG,20,80673,NA,71.631153,2.0714,0.020931544
200930,ACE2_mut_panel,G822A,VSVG,20,39941,NA,69.139481,1.712837,0.017276757
200930,ACE2_mut_panel,G823B,VSVG,20,70574,NA,72.6429,1.776972,0.017929497
200930,ACE2_mut_panel,G825C,VSVG,20,48023,NA,55.383879,2.075422,0.020972616
200930,ACE2_mut_panel,G826A,VSVG,20,63756,NA,75.183512,1.890099,0.019081897
200930,ACE2_mut_panel,G827A,VSVG,20,55966,NA,76.17482,1.813192,0.018298318
200930,ACE2_mut_panel,G824D,VSVG,20,69835,NA,66.435169,2.355857,0.02384051
200930,ACE2_mut_panel,G758A,SARS1,50,44130,NA,74.384772,0.039603,0.000396108
200930,ACE2_mut_panel,G755A,SARS1,50,55377,NA,78.552468,0.965517,0.009702083
200930,ACE2_mut_panel,G756A,SARS1,50,111294,NA,70.397326,0.160821,0.001609505
200930,ACE2_mut_panel,G757A,SARS1,50,27765,NA,77.56528,0.065007,0.000650281
200930,ACE2_mut_panel,G820A,SARS1,50,68299,NA,67.768196,0.004321,4.32E-05
200930,ACE2_mut_panel,G821A,SARS1,50,133332,NA,72.01722,0.00729,7.29E-05
200930,ACE2_mut_panel,G822A,SARS1,50,88099,NA,65.328778,1.118949,0.011252563
200930,ACE2_mut_panel,G823B,SARS1,50,169489,NA,70.555021,0.005017,5.02E-05
200930,ACE2_mut_panel,G825C,SARS1,50,143980,NA,52.4809,0.014558,0.000145591
200930,ACE2_mut_panel,G826A,SARS1,50,134459,NA,72.768651,0.789011,0.007921402
200930,ACE2_mut_panel,G827A,SARS1,50,118656,NA,75.235976,0.431266,0.004321986
200930,ACE2_mut_panel,G824D,SARS1,50,115636,NA,65.387077,0.806761,0.008100329
200930,ACE2_mut_panel,G758A,SARS2,750,75965,NA,75.559797,0.005227,5.23E-05
200930,ACE2_mut_panel,G755A,SARS2,750,113877,NA,74.634035,0.068243,0.000682663
200930,ACE2_mut_panel,G756A,SARS2,750,162117,NA,71.286787,0.006057,6.06E-05
200930,ACE2_mut_panel,G821A,SARS2,750,164976,NA,71.842571,0.023624,0.000236268
200930,ACE2_mut_panel,G822A,SARS2,750,133339,NA,63.313809,0.066333,0.00066355
200930,ACE2_mut_panel,G823B,SARS2,750,146886,NA,71.188541,0.000956,9.56E-06
200930,ACE2_mut_panel,G825C,SARS2,750,110012,NA,53.499618,0.008495,8.50E-05
200930,ACE2_mut_panel,G826A,SARS2,750,155646,NA,69.322051,0.085267,0.000853034
200930,ACE2_mut_panel,G827A,SARS2,750,118088,NA,72.180916,0.063353,0.000633731
200930,ACE2_mut_panel,G824D,SARS2,750,107143,NA,64.647247,0.064968,0.000649891
201102,ACE2_mut_panel,G755A,SARS2,200,5298,NA,47.055493,6.538307,0.067618534
201102,ACE2_mut_panel,G756A,SARS2,200,15244,NA,81.979795,1.936465,0.019554601
201102,ACE2_mut_panel,G757A,SARS2,200,14031,NA,80.621481,0.795615,0.007987969
201102,ACE2_mut_panel,G758A,SARS2,200,8738,NA,86.060883,1.369681,0.013791477
201102,ACE2_mut_panel,G820E,SARS2,200,9354,NA,78.693607,1.005298,0.010103852
201102,ACE2_mut_panel,G821A,SARS2,200,4997,NA,81.188713,2.341632,0.023694839
201102,ACE2_mut_panel,G822A,SARS2,200,3686,NA,72.626153,5.229735,0.053714486
201102,ACE2_mut_panel,G823B,SARS2,200,10352,NA,70.372875,0.864791,0.00868552
201102,ACE2_mut_panel,G824D,SARS2,200,15323,NA,26.770215,5.582643,0.057445263
201102,ACE2_mut_panel,G825F,SARS2,200,10878,NA,38.104431,6.68275,0.069165208
201102,ACE2_mut_panel,G826A,SARS2,200,11212,NA,30.538709,7.827103,0.081504057
201102,ACE2_mut_panel,G827A,SARS2,200,8396,NA,43.67556,6.135806,0.063321193
201102,ACE2_mut_panel,G842A,SARS2,200,7826,NA,80.437005,6.513106,0.067348931
201102,ACE2_mut_panel,G843A,SARS2,200,1956,NA,63.752556,3.127506,0.031774567
201102,ACE2_mut_panel,G844A,SARS2,200,3586,NA,67.122142,4.279186,0.043734419
201102,ACE2_mut_panel,G845A,SARS2,200,2678,NA,74.645258,4.702351,0.048165045
201102,ACE2_mut_panel,G846A,SARS2,200,4877,NA,76.830018,4.510275,0.046151536
201102,ACE2_mut_panel,G847B,SARS2,200,641,NA,56.630265,3.305785,0.03361661
201102,ACE2_mut_panel,G848A,SARS2,200,5328,NA,83.089339,4.22408,0.04315889
201102,ACE2_mut_panel,G849A,SARS2,200,4635,NA,81.316073,4.112497,0.041994525
201102,ACE2_mut_panel,G755A,SARS1,200,6732,NA,92.038027,5.8102,0.059858291
201102,ACE2_mut_panel,G756A,SARS1,200,19319,NA,86.873027,3.229458,0.032827556
201102,ACE2_mut_panel,G757A,SARS1,200,19065,NA,90.348807,2.618287,0.026531745
201102,ACE2_mut_panel,G758A,SARS1,200,19512,NA,72.447724,2.001981,0.020222922
201102,ACE2_mut_panel,G820E,SARS1,200,17440,NA,87.207569,1.295286,0.01303748
201102,ACE2_mut_panel,G821A,SARS1,200,11051,NA,75.015836,1.363088,0.013724633
201102,ACE2_mut_panel,G822A,SARS1,200,7078,NA,75.671094,8.159074,0.085112171
201102,ACE2_mut_panel,G823B,SARS1,200,10239,NA,85.232933,1.420878,0.014310691
201102,ACE2_mut_panel,G824D,SARS1,200,12873,NA,80.571739,5.659468,0.058259269
201102,ACE2_mut_panel,G825F,SARS1,200,7897,NA,90.74332,7.214625,0.074881156
201102,ACE2_mut_panel,G826A,SARS1,200,6544,NA,78.805012,7.09715,0.073615862
201102,ACE2_mut_panel,G827A,SARS1,200,11519,NA,80.753538,4.654913,0.047667381
201102,ACE2_mut_panel,G842A,SARS1,200,14810,NA,86.218771,6.030229,0.062197041
201102,ACE2_mut_panel,G843A,SARS1,200,2862,NA,70.090846,7.676969,0.079876552
201102,ACE2_mut_panel,G844A,SARS1,200,8236,NA,70.483244,14.608096,0.157918891
201102,ACE2_mut_panel,G845A,SARS1,200,5780,NA,63.702422,6.029332,0.062187495
201102,ACE2_mut_panel,G846A,SARS1,200,11535,NA,76.3329,5.212947,0.053537358
201102,ACE2_mut_panel,G847B,SARS1,200,6853,NA,19.057347,8.192956,0.085481159
201102,ACE2_mut_panel,G848A,SARS1,200,12314,NA,65.981809,6.843077,0.070884771
201102,ACE2_mut_panel,G849A,SARS1,200,14598,NA,69.749281,7.552544,0.078529746
201102,ACE2_mut_panel,G755A,VSVG,200,14936,NA,44.663899,70.933893,1.235597399
201102,ACE2_mut_panel,G756A,VSVG,200,23382,NA,67.522025,64.054978,1.023179582
201102,ACE2_mut_panel,G757A,VSVG,200,22971,NA,62.779156,66.417031,1.091151123
201102,ACE2_mut_panel,G758A,VSVG,200,20834,NA,49.092829,71.78334,1.265257602
201102,ACE2_mut_panel,G820E,VSVG,200,19641,NA,62.079324,70.442057,1.21881768
201102,ACE2_mut_panel,G821A,VSVG,200,7865,NA,67.870312,70.269764,1.213005611
201102,ACE2_mut_panel,G822A,VSVG,200,7606,NA,67.51249,72.989289,1.308936695
201102,ACE2_mut_panel,G823B,VSVG,200,10255,NA,69.741589,71.294743,1.248089909
201102,ACE2_mut_panel,G824D,VSVG,200,13057,NA,65.972275,71.023915,1.238699351
201102,ACE2_mut_panel,G825F,VSVG,200,8379,NA,81.226877,69.379959,1.183515457
201102,ACE2_mut_panel,G826A,VSVG,200,10082,NA,56.943067,72.165128,1.278880563
201102,ACE2_mut_panel,G827A,VSVG,200,12127,NA,62.224788,65.928969,1.076722694
201102,ACE2_mut_panel,G842A,VSVG,200,13594,NA,89.02457,64.881838,1.046451753
201102,ACE2_mut_panel,G843A,VSVG,200,2958,NA,68.323191,83.473528,1.800206727
201102,ACE2_mut_panel,G844A,VSVG,200,8371,NA,83.215864,73.413724,1.324775043
201102,ACE2_mut_panel,G845A,VSVG,200,7608,NA,66.430074,77.146814,1.476079647
201102,ACE2_mut_panel,G846A,VSVG,200,10686,NA,64.514318,77.212068,1.478939088
201102,ACE2_mut_panel,G847B,VSVG,200,3817,NA,23.002358,83.371298,1.794039948
201102,ACE2_mut_panel,G848A,VSVG,200,9130,NA,67.437021,68.637323,1.159551631
201102,ACE2_mut_panel,G849A,VSVG,200,10377,NA,74.443481,66.860841,1.104454551
201103,ACE2_mut_panel,G755A,SARS2,200,13085,NA,37.791364,8.75632,0.091636456
201103,ACE2_mut_panel,G756A,SARS2,200,18986,NA,78.046982,4.88595,0.050093488
201103,ACE2_mut_panel,G757A,SARS2,200,17661,NA,87.520525,2.542537,0.02575418
201103,ACE2_mut_panel,G758A,SARS2,200,31201,NA,89.333675,3.379615,0.034380442
201103,ACE2_mut_panel,G820E,SARS2,200,21041,NA,79.40212,2.813192,0.028535204
201103,ACE2_mut_panel,G821A,SARS2,200,16611,NA,70.134248,8.300429,0.086652485
201103,ACE2_mut_panel,G822A,SARS2,200,15574,NA,75.324258,7.237235,0.075124866
201103,ACE2_mut_panel,G823B,SARS2,200,22964,NA,82.712071,1.584711,0.015974018
201103,ACE2_mut_panel,G824D,SARS2,200,16650,NA,76.798799,10.377727,0.109566314
201103,ACE2_mut_panel,G825F,SARS2,200,17026,NA,84.553037,10.850236,0.114852489
201103,ACE2_mut_panel,G826A,SARS2,200,13944,NA,69.226908,10.929245,0.115739132
201103,ACE2_mut_panel,G827A,SARS2,200,5334,NA,68.353956,7.103675,0.0736861
201103,ACE2_mut_panel,G842A,SARS2,200,18324,NA,81.947173,12.380128,0.132162364
201103,ACE2_mut_panel,G843A,SARS2,200,6806,NA,54.451954,11.656773,0.123940651
201103,ACE2_mut_panel,G844A,SARS2,200,7358,NA,62.503398,13.763862,0.148080862
201103,ACE2_mut_panel,G845A,SARS2,200,14975,NA,78.417362,11.445116,0.121547668
201103,ACE2_mut_panel,G846A,SARS2,200,17690,NA,79.14641,8.785087,0.091951783
201103,ACE2_mut_panel,G847B,SARS2,200,7581,NA,41.841446,11.160151,0.118334887
201103,ACE2_mut_panel,G848A,SARS2,200,21229,NA,85.128833,8.919876,0.093430583
201103,ACE2_mut_panel,G849A,SARS2,200,18450,NA,83.907859,11.000581,0.116540344
201103,ACE2_mut_panel,G755A,SARS1,200,11361,NA,58.392747,13.11426,0.140576264
201103,ACE2_mut_panel,G756A,SARS1,200,26174,NA,92.847864,4.633364,0.047441396
201103,ACE2_mut_panel,G757A,SARS1,200,20688,NA,88.225058,3.084593,0.031331681
201103,ACE2_mut_panel,G758A,SARS1,200,25962,NA,93.328711,1.341312,0.013503888
201103,ACE2_mut_panel,G820E,SARS1,200,21421,NA,86.35918,1.178442,0.011854407
201103,ACE2_mut_panel,G821A,SARS1,200,15544,NA,86.908132,1.058554,0.010641965
201103,ACE2_mut_panel,G822A,SARS1,200,21100,NA,91.962085,9.997939,0.105337616
201103,ACE2_mut_panel,G823B,SARS1,200,25542,NA,83.650458,1.057755,0.01063389
201103,ACE2_mut_panel,G824D,SARS1,200,21883,NA,69.378056,11.678303,0.124184389
201103,ACE2_mut_panel,G825F,SARS1,200,19249,NA,73.879163,14.738767,0.159450313
201103,ACE2_mut_panel,G826A,SARS1,200,24704,NA,74.1216,10.900552,0.115417047
201103,ACE2_mut_panel,G827A,SARS1,200,20334,NA,88.265958,6.368398,0.065802231
201103,ACE2_mut_panel,G842A,SARS1,200,30431,NA,86.155565,10.576703,0.111788945
201103,ACE2_mut_panel,G843A,SARS1,200,9581,NA,92.933932,8.243486,0.086031704
201103,ACE2_mut_panel,G844A,SARS1,200,22588,NA,94.629892,21.469006,0.241676811
201103,ACE2_mut_panel,G845A,SARS1,200,20024,NA,95.914902,5.65969,0.058261622
201103,ACE2_mut_panel,G846A,SARS1,200,20699,NA,92.096237,6.66212,0.068944158
201103,ACE2_mut_panel,G847B,SARS1,200,3147,NA,86.336193,11.520059,0.122394315
201103,ACE2_mut_panel,G848A,SARS1,200,17845,NA,92.53012,7.806444,0.081279949
201103,ACE2_mut_panel,G849A,SARS1,200,19548,NA,92.459587,10.18037,0.107366638
201103,ACE2_mut_panel,G755A,VSVG,200,3009,NA,71.751412,82.306623,1.731979797
201103,ACE2_mut_panel,G756A,VSVG,200,12873,NA,90.957819,82.978905,1.770716729
201103,ACE2_mut_panel,G757A,VSVG,200,12418,NA,89.644065,89.489759,2.252820071
201103,ACE2_mut_panel,G758A,VSVG,200,13724,NA,94.695424,81.04032,1.662855567
201103,ACE2_mut_panel,G820E,VSVG,200,12085,NA,89.813819,82.172471,1.72442635
201103,ACE2_mut_panel,G821A,VSVG,200,5850,NA,87.247863,80.309561,1.625036998
201103,ACE2_mut_panel,G822A,VSVG,200,4114,NA,86.363636,81.705601,1.698575239
201103,ACE2_mut_panel,G823B,VSVG,200,6458,NA,91.018891,88.652603,2.176181808
201103,ACE2_mut_panel,G824D,VSVG,200,13135,NA,93.703845,87.260318,2.060448497
201103,ACE2_mut_panel,G825F,VSVG,200,11335,NA,91.707102,91.120731,2.421450952
201103,ACE2_mut_panel,G826A,VSVG,200,9290,NA,92.723358,89.795681,2.282359124
201103,ACE2_mut_panel,G827A,VSVG,200,10139,NA,88.963409,87.727273,2.097790703
201103,ACE2_mut_panel,G842A,VSVG,200,22792,NA,90.38259,91.980583,2.52330446
201103,ACE2_mut_panel,G843A,VSVG,200,3580,NA,77.709497,85.945363,1.962217809
201103,ACE2_mut_panel,G844A,VSVG,200,14982,NA,89.49406,82.72673,1.756009966
201103,ACE2_mut_panel,G845A,VSVG,200,7908,NA,90.389479,77.644096,1.498079739
201103,ACE2_mut_panel,G846A,VSVG,200,15397,NA,92.017926,90.676172,2.372596912
201103,ACE2_mut_panel,G847B,VSVG,200,1006,NA,77.037773,86.193548,1.980034167
201103,ACE2_mut_panel,G848A,VSVG,200,11295,NA,91.952191,90.025034,2.305091632
201103,ACE2_mut_panel,G849A,VSVG,200,11499,NA,87.711975,93.654571,2.757435475
201111,ACE2_mut_panel,G755A,SARS1,200,826,NA,96.489104,10.664994,0.11277677
201111,ACE2_mut_panel,G756A,SARS1,200,2260,NA,96.017699,3.364055,0.034219413
201111,ACE2_mut_panel,G757A,SARS1,200,1551,NA,96.969697,0.199468,0.001996672
201111,ACE2_mut_panel,G758A,SARS1,200,3179,NA,99.024851,0.698856,0.007013094
201111,ACE2_mut_panel,G820A,SARS1,200,11825,NA,96.389006,0.254431,0.002547552
201111,ACE2_mut_panel,G821A,SARS1,200,9408,NA,97.289541,0.294985,0.002954209
201111,ACE2_mut_panel,G822A,SARS1,200,14020,NA,96.476462,8.479965,0.088612276
201111,ACE2_mut_panel,G823B,SARS1,200,13438,NA,96.859652,0.307314,0.003077872
201111,ACE2_mut_panel,G824D,SARS1,200,31989,NA,96.070524,6.904855,0.071548151
201111,ACE2_mut_panel,G825F,SARS1,200,40261,NA,95.978739,11.97143,0.127508765
201111,ACE2_mut_panel,G826A,SARS1,200,29297,NA,97.054306,7.483998,0.077788562
201111,ACE2_mut_panel,G827A,SARS1,200,23320,NA,95.30446,5.102362,0.05237137
201111,ACE2_mut_panel,G842A,SARS1,200,14928,NA,95.893623,7.754104,0.080712392
201111,ACE2_mut_panel,G843A,SARS1,200,12202,NA,95.386002,4.407595,0.045076815
201111,ACE2_mut_panel,G844A,SARS1,200,31412,NA,96.071565,15.895686,0.173112324
201111,ACE2_mut_panel,G845A,SARS1,200,21182,NA,97.143801,4.49531,0.04599483
201111,ACE2_mut_panel,G846A,SARS1,200,27272,NA,97.169258,4.879245,0.050022996
201111,ACE2_mut_panel,G847B,SARS1,200,5378,NA,97.805876,7.224335,0.074985811
201111,ACE2_mut_panel,G848A,SARS1,200,33510,NA,96.36228,6.051222,0.062420467
201111,ACE2_mut_panel,G849A,SARS1,200,38372,NA,96.526113,9.870677,0.103924625
201111,ACE2_mut_panel,G755A,VSVG,200,2827,NA,96.745667,26.435101,0.30700219
201111,ACE2_mut_panel,G756A,VSVG,200,18775,NA,97.539281,18.505979,0.20464053
201111,ACE2_mut_panel,G757A,VSVG,200,16449,NA,97.805338,17.323471,0.190234433
201111,ACE2_mut_panel,G758A,VSVG,200,14339,NA,99.518795,17.666433,0.1943913
201111,ACE2_mut_panel,G820A,VSVG,200,13666,NA,97.86331,15.739495,0.171256936
201111,ACE2_mut_panel,G821A,VSVG,200,11597,NA,97.921876,15.331103,0.166421865
201111,ACE2_mut_panel,G822A,VSVG,200,17798,NA,97.724463,16.086932,0.175388828
201111,ACE2_mut_panel,G823B,VSVG,200,22946,NA,97.956071,15.575922,0.169317541
201111,ACE2_mut_panel,G824D,VSVG,200,32483,NA,97.136964,17.358096,0.190653322
201111,ACE2_mut_panel,G825F,VSVG,200,41738,NA,97.323782,19.088649,0.211816063
201111,ACE2_mut_panel,G826A,VSVG,200,30725,NA,97.578519,20.876555,0.234160958
201111,ACE2_mut_panel,G827A,VSVG,200,23655,NA,95.827521,21.71784,0.244850451
201111,ACE2_mut_panel,G842A,VSVG,200,19199,NA,96.270639,22.51799,0.255124406
201111,ACE2_mut_panel,G843A,VSVG,200,6094,NA,95.487365,19.60818,0.218257756
201111,ACE2_mut_panel,G844A,VSVG,200,29759,NA,96.626231,19.196661,0.213151897
201111,ACE2_mut_panel,G845A,VSVG,200,17320,NA,97.32679,21.433232,0.241221375
201111,ACE2_mut_panel,G846A,VSVG,200,25891,NA,97.867985,18.67477,0.206713885
201111,ACE2_mut_panel,G847B,VSVG,200,2529,NA,97.548438,18.808269,0.208356779
201111,ACE2_mut_panel,G848A,VSVG,200,29263,NA,97.061135,17.81854,0.196240457
201111,ACE2_mut_panel,G849A,VSVG,200,29786,NA,96.971732,20.475003,0.229098786
201119,ACE2_mut_panel,G755A,SARS2,200,14731,NA,25.986016,3.944619,0.040245275
201119,ACE2_mut_panel,G756A,SARS2,200,13317,NA,18.84058,0.757274,0.007601559
201119,ACE2_mut_panel,G757A,SARS2,200,15189,NA,22.173942,0.207838,0.002080543
201119,ACE2_mut_panel,G758A,SARS2,200,12604,NA,92.137417,0.266942,0.002672989
201119,ACE2_mut_panel,G820A,SARS2,200,10408,NA,22.838201,0.252419,0.002527381
201119,ACE2_mut_panel,G821A,SARS2,200,11968,NA,21.983623,1.330293,0.013392207
201119,ACE2_mut_panel,G822A,SARS2,200,6063,NA,21.375557,2.700617,0.027377538
201119,ACE2_mut_panel,G823B,SARS2,200,4526,NA,20.216527,0.10929,0.001093498
201119,ACE2_mut_panel,G824D,SARS2,200,5483,NA,25.551705,2.640971,0.026764711
201119,ACE2_mut_panel,G825F,SARS2,200,6937,NA,26.654173,4.218496,0.043100589
201119,ACE2_mut_panel,G826A,SARS2,200,6824,NA,21.23388,4.623879,0.047341943
201119,ACE2_mut_panel,G827A,SARS2,200,4040,NA,31.435644,3.307087,0.033630075
201119,ACE2_mut_panel,G842A,SARS2,200,4853,NA,20.440964,4.233871,0.043261123
201119,ACE2_mut_panel,G843A,SARS2,200,9056,NA,10.788428,3.070624,0.031187555
201119,ACE2_mut_panel,G844A,SARS2,200,4902,NA,25.071399,5.126119,0.052621745
201119,ACE2_mut_panel,G845A,SARS2,200,15818,NA,21.014035,3.399519,0.034586465
201119,ACE2_mut_panel,G846A,SARS2,200,9683,NA,25.663534,2.052314,0.020736666
201119,ACE2_mut_panel,G847B,SARS2,200,12668,NA,25.371014,2.955818,0.030003827
201119,ACE2_mut_panel,G848A,SARS2,200,8340,NA,26.954436,1.379004,0.013886006
201119,ACE2_mut_panel,G849A,SARS2,200,9110,NA,25.488474,2.540913,0.025737517
201119,ACE2_mut_panel,G755A,SARS1,200,15050,NA,30.33887,29.610162,0.35112128
201119,ACE2_mut_panel,G756A,SARS1,200,17568,NA,22.649135,9.776326,0.102878332
201119,ACE2_mut_panel,G757A,SARS1,200,18523,NA,26.507585,4.663951,0.047762178
201119,ACE2_mut_panel,G758A,SARS1,200,14777,NA,94.978683,0.869255,0.008730551
201119,ACE2_mut_panel,G820A,SARS1,200,13661,NA,22.736256,0.354153,0.003547816
201119,ACE2_mut_panel,G821A,SARS1,200,14654,NA,21.925754,0.342359,0.003429464
201119,ACE2_mut_panel,G822A,SARS1,200,12925,NA,20.719536,24.570575,0.281972735
201119,ACE2_mut_panel,G823B,SARS1,200,17831,NA,22.943189,0.43999,0.004409608
201119,ACE2_mut_panel,G824D,SARS1,200,9511,NA,23.677847,22.380107,0.253346439
201119,ACE2_mut_panel,G825F,SARS1,200,10914,NA,23.905076,25.182062,0.290112517
201119,ACE2_mut_panel,G826A,SARS1,200,15879,NA,20.221676,20.554344,0.23009697
201119,ACE2_mut_panel,G827A,SARS1,200,8642,NA,25.410785,17.850638,0.196631108
201119,ACE2_mut_panel,G842A,SARS1,200,11832,NA,23.909736,21.385649,0.240615921
201119,ACE2_mut_panel,G843A,SARS1,200,6530,NA,18.039816,14.685908,0.15883054
201119,ACE2_mut_panel,G844A,SARS1,200,3739,NA,25.835785,46.583851,0.62705707
201119,ACE2_mut_panel,G845A,SARS1,200,10918,NA,23.914636,12.485638,0.133367269
201119,ACE2_mut_panel,G846A,SARS1,200,11417,NA,27.424017,12.264452,0.130843032
201119,ACE2_mut_panel,G847B,SARS1,200,11498,NA,24.821708,20.882971,0.23424205
201119,ACE2_mut_panel,G848A,SARS1,200,9797,NA,25.681331,19.594595,0.218088786
201119,ACE2_mut_panel,G849A,SARS1,200,10267,NA,23.784942,25.880426,0.299490532
201119,ACE2_mut_panel,G755A,VSVG,200,21317,NA,23.788526,47.091303,0.636602456
201119,ACE2_mut_panel,G756A,VSVG,200,49685,NA,16.149743,46.435693,0.624287254
201119,ACE2_mut_panel,G757A,VSVG,200,48479,NA,22.863508,47.320462,0.640943079
201119,ACE2_mut_panel,G758A,VSVG,200,31101,NA,93.881226,42.574834,0.554687547
201119,ACE2_mut_panel,G820A,VSVG,200,39614,NA,15.630838,45.138889,0.600365449
201119,ACE2_mut_panel,G821A,VSVG,200,55490,NA,19.279149,42.447186,0.552467155
201119,ACE2_mut_panel,G822A,VSVG,200,44508,NA,15.720769,45.548092,0.607852296
201119,ACE2_mut_panel,G823B,VSVG,200,55405,NA,20.617273,45.268318,0.602727449
201119,ACE2_mut_panel,G824D,VSVG,200,23565,NA,19.079143,36.699288,0.457273609
201119,ACE2_mut_panel,G825F,VSVG,200,37082,NA,17.248261,38.69606,0.489326071
201119,ACE2_mut_panel,G826A,VSVG,200,27017,NA,14.028204,43.799472,0.576244034
201119,ACE2_mut_panel,G827A,VSVG,200,23353,NA,14.563439,41.928844,0.5435011
201119,ACE2_mut_panel,G842A,VSVG,200,39850,NA,15.19197,44.565576,0.589969413
201119,ACE2_mut_panel,G843A,VSVG,200,39190,NA,10.053585,44.543147,0.589564891
201119,ACE2_mut_panel,G844A,VSVG,200,20346,NA,17.993709,41.327506,0.533199155
201119,ACE2_mut_panel,G845A,VSVG,200,53052,NA,18.315992,45.40496,0.60522715
201119,ACE2_mut_panel,G846A,VSVG,200,44341,NA,22.040549,44.500153,0.588789922
201119,ACE2_mut_panel,G847B,VSVG,200,29047,NA,25.427755,39.845654,0.508256493
201119,ACE2_mut_panel,G848A,VSVG,200,16326,NA,17.98971,43.445693,0.569968824
201119,ACE2_mut_panel,G849A,VSVG,200,17983,NA,14.914086,46.085011,0.617761658
201120,ACE2_mut_panel,G755A,SARS2,200,23564,NA,35.316585,2.859889,0.029015806
201120,ACE2_mut_panel,G756A,SARS2,200,21393,NA,32.627495,0.386819,0.003875691
201120,ACE2_mut_panel,G757A,SARS2,200,21266,NA,38.71438,0.48585,0.004870341
201120,ACE2_mut_panel,G758A,SARS2,200,9280,NA,95.064655,0.124688,0.001247658
201120,ACE2_mut_panel,G820A,SARS2,200,13791,NA,29.918063,0.193892,0.001940802
201120,ACE2_mut_panel,G821A,SARS2,200,19617,NA,38.487027,0.927152,0.009314768
201120,ACE2_mut_panel,G822A,SARS2,200,15088,NA,38.653234,1.54321,0.015552414
201120,ACE2_mut_panel,G823B,SARS2,200,14018,NA,40.783279,0.2099,0.002101206
201120,ACE2_mut_panel,G824D,SARS2,200,21319,NA,27.759276,2.382562,0.02411404
201120,ACE2_mut_panel,G825F,SARS2,200,18542,NA,25.62291,3.073037,0.03121245
201120,ACE2_mut_panel,G826A,SARS2,200,26306,NA,32.631339,2.737651,0.02775823
201120,ACE2_mut_panel,G827A,SARS2,200,25593,NA,37.088266,3.982301,0.040637647
201120,ACE2_mut_panel,G842A,SARS2,200,28153,NA,30.18506,2.106378,0.021288787
201120,ACE2_mut_panel,G843A,SARS2,200,21452,NA,14.986948,3.017107,0.030635584
201120,ACE2_mut_panel,G844A,SARS2,200,3804,NA,23.817035,5.84989,0.060279763
201120,ACE2_mut_panel,G845A,SARS2,200,22068,NA,35.204821,2.535719,0.025684224
201120,ACE2_mut_panel,G846A,SARS2,200,20591,NA,48.38036,1.114234,0.011204881
201120,ACE2_mut_panel,G847B,SARS2,200,15812,NA,38.243107,2.778237,0.0281756
201120,ACE2_mut_panel,G848A,SARS2,200,15240,NA,39.730971,1.288192,0.012965611
201120,ACE2_mut_panel,G849A,SARS2,200,15175,NA,36.31631,2.467792,0.024987524
201120,ACE2_mut_panel,G755A,SARS1,200,27452,NA,41.075331,10.003547,0.105399928
201120,ACE2_mut_panel,G756A,SARS1,200,29413,NA,41.889641,2.589076,0.026231826
201120,ACE2_mut_panel,G757A,SARS1,200,24729,NA,51.453759,2.043383,0.020645489
201120,ACE2_mut_panel,G758A,SARS1,200,13529,NA,97.006431,0.327644,0.003281819
201120,ACE2_mut_panel,G820A,SARS1,200,17256,NA,33.385489,0.08679,0.000868277
201120,ACE2_mut_panel,G821A,SARS1,200,23171,NA,49.259851,0.131418,0.001315044
201120,ACE2_mut_panel,G822A,SARS1,200,18462,NA,43.251002,10.494678,0.110872099
201120,ACE2_mut_panel,G823B,SARS1,200,17473,NA,51.696904,0.188199,0.001883763
201120,ACE2_mut_panel,G824D,SARS1,200,18549,NA,28.745485,9.246062,0.09701832
201120,ACE2_mut_panel,G825F,SARS1,200,17328,NA,25.657895,9.851552,0.103712452
201120,ACE2_mut_panel,G826A,SARS1,200,28054,NA,35.396022,9.254783,0.097114419
201120,ACE2_mut_panel,G827A,SARS1,200,22299,NA,38.297682,6.498829,0.067196226
201120,ACE2_mut_panel,G842A,SARS1,200,10456,NA,31.952946,8.709967,0.091128572
201120,ACE2_mut_panel,G843A,SARS1,200,10597,NA,16.495235,6.292906,0.06499629
201120,ACE2_mut_panel,G844A,SARS1,200,5498,NA,21.735176,23.849372,0.27245686
201120,ACE2_mut_panel,G845A,SARS1,200,21387,NA,36.466078,5.116041,0.052515525
201120,ACE2_mut_panel,G846A,SARS1,200,25268,NA,51.06063,4.053635,0.041380849
201120,ACE2_mut_panel,G847B,SARS1,200,16279,NA,42.392039,9.723229,0.102290001
201120,ACE2_mut_panel,G848A,SARS1,200,19396,NA,44.230769,6.993822,0.072504265
201120,ACE2_mut_panel,G849A,SARS1,200,18297,NA,41.367437,11.639583,0.123746088
201120,ACE2_mut_panel,G755A,VSVG,200,46680,NA,31.261782,19.817721,0.220867656
201120,ACE2_mut_panel,G756A,VSVG,200,48342,NA,23.59439,21.900754,0.247189783
201120,ACE2_mut_panel,G757A,VSVG,200,51582,NA,32.39696,22.374484,0.253273998
201120,ACE2_mut_panel,G758A,VSVG,200,47392,NA,94.226874,21.752956,0.245299134
201120,ACE2_mut_panel,G820A,VSVG,200,41060,NA,21.967852,30.886918,0.369426153
201120,ACE2_mut_panel,G821A,VSVG,200,44728,NA,31.877124,31.357834,0.376263175
201120,ACE2_mut_panel,G822A,VSVG,200,42255,NA,20.911135,32.752377,0.396788514
201120,ACE2_mut_panel,G823B,VSVG,200,25921,NA,30.627676,29.285804,0.346523841
201120,ACE2_mut_panel,G824D,VSVG,200,42414,NA,25.816947,17.013699,0.18649464
201120,ACE2_mut_panel,G825F,VSVG,200,28441,NA,27.776801,19.063291,0.211502707
201120,ACE2_mut_panel,G826A,VSVG,200,50174,NA,21.863914,20.574294,0.230348117
201120,ACE2_mut_panel,G827A,VSVG,200,43193,NA,23.962216,22.057971,0.249204854
201120,ACE2_mut_panel,G842A,VSVG,200,13992,NA,24.313894,19.753086,0.22006188
201120,ACE2_mut_panel,G843A,VSVG,200,11103,NA,13.969198,19.987105,0.222982377
201120,ACE2_mut_panel,G844A,VSVG,200,11157,NA,26.297392,20.892979,0.234368554
201120,ACE2_mut_panel,G845A,VSVG,200,49719,NA,24.312637,20.871939,0.234102621
201120,ACE2_mut_panel,G846A,VSVG,200,50596,NA,29.405487,21.810727,0.246037722
201120,ACE2_mut_panel,G847B,VSVG,200,41586,NA,33.626701,29.919908,0.355531427
201120,ACE2_mut_panel,G848A,VSVG,200,44675,NA,25.945159,29.893883,0.355160135
201120,ACE2_mut_panel,G849A,VSVG,200,35874,NA,23.142108,31.112985,0.372702487
201121,ACE2_mut_panel,G755A,SARS2,200,10603,NA,93.718759,2.868069,0.029100018
201121,ACE2_mut_panel,G756A,SARS2,200,14808,NA,91.011615,0.563924,0.005655201
201121,ACE2_mut_panel,G757A,SARS2,200,14518,NA,91.238463,0.377472,0.003781862
201121,ACE2_mut_panel,G758A,SARS2,200,8436,NA,99.359886,0.274398,0.002747752
201121,ACE2_mut_panel,G820A,SARS2,200,6346,NA,73.101166,1.314939,0.013236609
201121,ACE2_mut_panel,G821A,SARS2,200,7388,NA,95.682187,0.792191,0.007953455
201121,ACE2_mut_panel,G822A,SARS2,200,6697,NA,93.385098,1.215222,0.012226662
201121,ACE2_mut_panel,G823B,SARS2,200,10358,NA,94.632168,0.397878,0.003986716
201121,ACE2_mut_panel,G824D,SARS2,200,9735,NA,92.593734,2.817839,0.02858302
201121,ACE2_mut_panel,G825F,SARS2,200,9997,NA,94.478344,2.329275,0.023568314
201121,ACE2_mut_panel,G826A,SARS2,200,11464,NA,95.010468,2.130004,0.021530159
201121,ACE2_mut_panel,G827A,SARS2,200,7820,NA,96.227621,3.707641,0.037781216
201121,ACE2_mut_panel,G842A,SARS2,200,15602,NA,91.27035,2.057584,0.020790472
201121,ACE2_mut_panel,G843A,SARS2,200,12305,NA,89.069484,2.782847,0.028223019
201121,ACE2_mut_panel,G844A,SARS2,200,6421,NA,91.979442,4.520826,0.046262036
201121,ACE2_mut_panel,G845A,SARS2,200,9913,NA,91.647332,3.291139,0.033465154
201121,ACE2_mut_panel,G846A,SARS2,200,16035,NA,95.466168,1.025608,0.010309036
201121,ACE2_mut_panel,G847B,SARS2,200,8708,NA,96.681213,2.209289,0.022340593
201121,ACE2_mut_panel,G848A,SARS2,200,7939,NA,95.553596,1.21276,0.012201739
201121,ACE2_mut_panel,G849A,SARS2,200,10331,NA,95.411867,2.526124,0.025585782
201121,ACE2_mut_panel,G755A,SARS1,200,13449,NA,96.386348,7.359408,0.076442782
201121,ACE2_mut_panel,G756A,SARS1,200,15050,NA,95.495017,2.303089,0.023300245
201121,ACE2_mut_panel,G757A,SARS1,200,12084,NA,96.077458,2.118863,0.021416331
201121,ACE2_mut_panel,G758A,SARS1,200,12587,NA,99.348534,0.591763,0.005935209
201121,ACE2_mut_panel,G820A,SARS1,200,3613,NA,97.149184,0.37037,0.003710576
201121,ACE2_mut_panel,G821A,SARS1,200,12492,NA,98.150817,0.383329,0.003840656
201121,ACE2_mut_panel,G822A,SARS1,200,10381,NA,97.148637,7.882995,0.082110624
201121,ACE2_mut_panel,G823B,SARS1,200,14555,NA,96.92889,0.418202,0.004190789
201121,ACE2_mut_panel,G824D,SARS1,200,10159,NA,97.804902,9.188808,0.096387648
201121,ACE2_mut_panel,G825F,SARS1,200,11775,NA,97.180467,5.907542,0.060892291
201121,ACE2_mut_panel,G826A,SARS1,200,14114,NA,97.661896,6.543819,0.067677512
201121,ACE2_mut_panel,G827A,SARS1,200,8758,NA,97.876227,4.631358,0.047420362
201121,ACE2_mut_panel,G842A,SARS1,200,15074,NA,94.633143,6.274097,0.064795589
201121,ACE2_mut_panel,G843A,SARS1,200,14341,NA,95.216512,5.170267,0.053087187
201121,ACE2_mut_panel,G844A,SARS1,200,5766,NA,96.219216,17.375631,0.190865525
201121,ACE2_mut_panel,G845A,SARS1,200,10398,NA,97.480285,3.729282,0.038005984
201121,ACE2_mut_panel,G846A,SARS1,200,17207,NA,96.710641,2.90247,0.029454249
201121,ACE2_mut_panel,G847B,SARS1,200,15483,NA,98.430537,7.250656,0.075269557
201121,ACE2_mut_panel,G848A,SARS1,200,12275,NA,97.792261,5.498167,0.056550955
201121,ACE2_mut_panel,G849A,SARS1,200,12401,NA,97.93565,8.398518,0.087722735
201121,ACE2_mut_panel,G755A,VSVG,200,23376,NA,89.865674,29.356881,0.347529477
201121,ACE2_mut_panel,G756A,VSVG,200,22639,NA,77.80379,31.100261,0.372517796
201121,ACE2_mut_panel,G757A,VSVG,200,16352,NA,81.311155,31.152226,0.373272292
201121,ACE2_mut_panel,G758A,VSVG,200,22031,NA,99.214743,32.98106,0.40019492
201121,ACE2_mut_panel,G820A,VSVG,200,16927,NA,89.041177,34.109607,0.417177537
201121,ACE2_mut_panel,G821A,VSVG,200,30744,NA,86.423367,29.574708,0.350617726
201121,ACE2_mut_panel,G822A,VSVG,200,28539,NA,82.96016,35.618348,0.4403415
201121,ACE2_mut_panel,G823B,VSVG,200,38700,NA,84.338501,31.07632,0.372170381
201121,ACE2_mut_panel,G824D,VSVG,200,36429,NA,84.77312,31.578266,0.379479663
201121,ACE2_mut_panel,G825F,VSVG,200,37642,NA,84.493385,29.595975,0.350919751
201121,ACE2_mut_panel,G826A,VSVG,200,42350,NA,84.495868,29.189023,0.345156155
201121,ACE2_mut_panel,G827A,VSVG,200,23545,NA,88.698237,30.64547,0.365938721
201121,ACE2_mut_panel,G842A,VSVG,200,38796,NA,83.985462,30.08931,0.357951616
201121,ACE2_mut_panel,G843A,VSVG,200,30819,NA,99.127162,29.869067,0.35480622
201121,ACE2_mut_panel,G844A,VSVG,200,15791,NA,91.27351,33.879137,0.413685861
201121,ACE2_mut_panel,G845A,VSVG,200,31473,NA,91.135259,32.018966,0.385941431
201121,ACE2_mut_panel,G846A,VSVG,200,57879,NA,98.878695,31.504456,0.378401494
201121,ACE2_mut_panel,G847B,VSVG,200,26989,NA,91.800363,33.706006,0.411070881
201121,ACE2_mut_panel,G848A,VSVG,200,22385,NA,87.031494,31.659994,0.380674852
201121,ACE2_mut_panel,G849A,VSVG,200,24411,NA,88.537954,33.317911,0.4052338
200106,ACE2_mut_panel,G758A,SARS2,400,204648,NA,94.88341,0.253377,0.002536985
200106,ACE2_mut_panel,G755A,SARS2,400,241073,NA,49.66255,0.547096,0.005485981
200106,ACE2_mut_panel,G820E,SARS2,400,232143,NA,57.829011,0.020857,0.000208592
200106,ACE2_mut_panel,G821A,SARS2,400,213693,NA,60.237818,0.389982,0.003907444
200106,ACE2_mut_panel,G875A,SARS2,400,235853,NA,43.491497,0.270044,0.002704093
200106,ACE2_mut_panel,G876C,SARS2,400,231702,NA,56.182942,0.027655,0.000276588
200106,ACE2_mut_panel,G877A,SARS2,400,221747,NA,60.494167,0.563573,0.005651671
200107,ACE2_mut_panel,G758A,SARS2,400,211011,NA,95.378914,0.067077,0.000670995
200107,ACE2_mut_panel,G755A,SARS2,400,226410,NA,63.080253,0.727489,0.007301481
200107,ACE2_mut_panel,G820E,SARS2,400,222735,NA,68.241632,0.021053,0.000210552
200107,ACE2_mut_panel,G821A,SARS2,400,223587,NA,71.882981,0.790811,0.007939545
200107,ACE2_mut_panel,G875A,SARS2,400,213827,NA,52.472326,0.516934,0.005182747
200107,ACE2_mut_panel,G876C,SARS2,400,232193,NA,67.341393,0.026861,0.000268646
200107,ACE2_mut_panel,G877A,SARS2,400,221909,NA,73.144848,0.914272,0.009184771
200108,ACE2_mut_panel,G758A,SARS2,800,140503,NA,96.266984,0.12051,0.001205827
200108,ACE2_mut_panel,G755A,SARS2,800,156208,NA,72.360571,2.068422,0.020901135
200108,ACE2_mut_panel,G820E,SARS2,800,142455,NA,78.162227,0.052988,0.00053002
200108,ACE2_mut_panel,G821A,SARS2,800,134480,NA,84.714456,1.641445,0.01655066
200108,ACE2_mut_panel,G875A,SARS2,800,115589,NA,62.974851,1.130619,0.011370591
200108,ACE2_mut_panel,G876C,SARS2,800,160949,NA,75.691679,0.059922,0.0005994
200108,ACE2_mut_panel,G877A,SARS2,800,177841,NA,81.417109,1.841249,0.01858411
200108,ACE2_mut_panel,G758A,SARS1,400,180902,NA,96.425689,0.823225,0.008266322
200108,ACE2_mut_panel,G755A,SARS1,400,207673,NA,77.499242,12.438411,0.132827766
200108,ACE2_mut_panel,G820E,SARS1,400,170113,NA,82.552186,0.17375,0.001739011
200108,ACE2_mut_panel,G821A,SARS1,400,163386,NA,87.296953,0.185093,0.001852645
200108,ACE2_mut_panel,G875A,SARS1,400,143585,NA,69.390257,1.947126,0.019663322
200108,ACE2_mut_panel,G876C,SARS1,400,164214,NA,79.674084,0.165856,0.001659937
200108,ACE2_mut_panel,G877A,SARS1,400,205586,NA,84.040742,15.040862,0.162999774
200108,ACE2_mut_panel,G758A,VSVG,100,192730,NA,96.459814,35.172425,0.433439133
200108,ACE2_mut_panel,G755A,VSVG,100,214193,NA,77.853618,28.609893,0.337010884
200108,ACE2_mut_panel,G820E,VSVG,100,173843,NA,82.785042,30.988215,0.370892899
200108,ACE2_mut_panel,G821A,VSVG,100,157659,NA,86.905917,30.368938,0.361959425
200108,ACE2_mut_panel,G875A,VSVG,100,129399,NA,69.169004,30.817617,0.368423937
200108,ACE2_mut_panel,G876C,VSVG,100,182973,NA,81.066605,30.535293,0.364351375
200108,ACE2_mut_panel,G877A,VSVG,100,204729,NA,84.532235,31.938265,0.384755025
210109,ACE2_mut_panel,G758A,SARS2,800,163672,NA,97.565252,0.233582,0.002338552
210109,ACE2_mut_panel,G755A,SARS2,800,182218,NA,90.816495,2.776703,0.028159822
210109,ACE2_mut_panel,G820E,SARS2,800,134654,NA,92.726544,0.065674,0.000656956
210109,ACE2_mut_panel,G821A,SARS2,800,129681,NA,94.530425,1.99938,0.020196381
210109,ACE2_mut_panel,G875A,SARS2,800,125752,NA,84.662669,1.237026,0.012447409
210109,ACE2_mut_panel,G876C,SARS2,800,155984,NA,89.8964,0.06347,0.000634902
210109,ACE2_mut_panel,G877A,SARS2,800,163704,NA,93.718541,2.195918,0.022203872
210109,ACE2_mut_panel,G758A,SARS1,400,199905,NA,97.185163,0.4334,0.004343419
210109,ACE2_mut_panel,G755A,SARS1,400,222564,NA,88.883198,7.165533,0.074352204
210109,ACE2_mut_panel,G820E,SARS1,400,183929,NA,91.871864,0.137295,0.001373893
210109,ACE2_mut_panel,G821A,SARS1,400,162742,NA,94.035344,0.146372,0.001464792
210109,ACE2_mut_panel,G875A,SARS1,400,146121,NA,84.34106,0.908796,0.009129507
210109,ACE2_mut_panel,G876C,SARS1,400,202622,NA,89.460177,0.108128,0.001081865
210109,ACE2_mut_panel,G877A,SARS1,400,208961,NA,93.267165,7.374854,0.076609526
210109,ACE2_mut_panel,G758A,VSVG,100,197878,NA,97.176543,50.785528,0.708982459
210109,ACE2_mut_panel,G755A,VSVG,100,223471,NA,88.346586,42.394481,0.551551807
210109,ACE2_mut_panel,G820E,VSVG,100,188611,NA,91.673338,44.047054,0.580659098
210109,ACE2_mut_panel,G821A,VSVG,100,160495,NA,93.613508,43.28397,0.567113299
210109,ACE2_mut_panel,G875A,VSVG,100,137135,NA,83.402487,43.500271,0.570934344
210109,ACE2_mut_panel,G876C,VSVG,100,198776,NA,89.471566,44.035356,0.580450052
210109,ACE2_mut_panel,G877A,VSVG,100,231388,NA,93.274068,43.66686,0.573887192
210110,ACE2_mut_panel,G758A,SARS2,800,128427,NA,97.864156,0.114573,0.001146387
210110,ACE2_mut_panel,G755A,SARS2,800,128161,NA,90.489306,2.379023,0.024077787
210110,ACE2_mut_panel,G820E,SARS2,800,90307,NA,93.527634,0.028415,0.00028419
210110,ACE2_mut_panel,G821A,SARS2,800,86518,NA,95.734992,1.946202,0.019653899
210110,ACE2_mut_panel,G875A,SARS2,800,75874,NA,86.136226,1.236325,0.012440311
210110,ACE2_mut_panel,G876C,SARS2,800,99841,NA,91.098847,0.042879,0.000428882
210110,ACE2_mut_panel,G877A,SARS2,800,134461,NA,94.145514,2.057841,0.020793096
210110,ACE2_mut_panel,G758A,SARS1,400,125948,NA,97.795916,0.244374,0.002446731
210110,ACE2_mut_panel,G755A,SARS1,400,148630,NA,92.231044,8.430659,0.088073676
210110,ACE2_mut_panel,G820E,SARS1,400,97994,NA,94.944588,0.110705,0.001107663
210110,ACE2_mut_panel,G821A,SARS1,400,83732,NA,96.404003,0.086718,0.000867556
210110,ACE2_mut_panel,G875A,SARS1,400,77245,NA,88.262023,1.007656,0.010127672
210110,ACE2_mut_panel,G876C,SARS1,400,138049,NA,92.333157,0.076099,0.00076128
210110,ACE2_mut_panel,G877A,SARS1,400,162579,NA,95.264456,9.059272,0.094962232
210110,ACE2_mut_panel,G758A,VSVG,100,133066,NA,97.819879,47.419813,0.64283081
210110,ACE2_mut_panel,G755A,VSVG,100,175421,NA,92.137771,38.066189,0.479103936
210110,ACE2_mut_panel,G820E,VSVG,100,120678,NA,94.587249,40.131936,0.513026978
210110,ACE2_mut_panel,G821A,VSVG,100,100204,NA,96.234681,40.33454,0.516416892
210110,ACE2_mut_panel,G875A,VSVG,100,87693,NA,87.571414,41.106076,0.529432259
210110,ACE2_mut_panel,G876C,VSVG,100,130492,NA,92.865463,40.020795,0.511172267
210110,ACE2_mut_panel,G877A,VSVG,100,153427,NA,95.58096,41.153927,0.530245083
210112,ACE2_mut_panel,G758A,SARS2,800,87257,NA,97.399636,0.042359,0.00042368
210112,ACE2_mut_panel,G755A,SARS2,800,69518,NA,79.500273,0.557295,0.005588537
210112,ACE2_mut_panel,G820E,SARS2,800,135726,NA,78.355658,0.013164,0.000131649
210112,ACE2_mut_panel,G821A,SARS2,800,90868,NA,82.850949,0.394501,0.003952812
210112,ACE2_mut_panel,G875A,SARS2,800,61692,NA,62.857421,0.206303,0.002065161
210112,ACE2_mut_panel,G876C,SARS2,800,97138,NA,77.031646,0.022719,0.000227216
210112,ACE2_mut_panel,G877A,SARS2,800,61898,NA,86.905877,0.429424,0.004303487
210112,ACE2_mut_panel,G758A,SARS1,400,101767,NA,96.683601,0.158549,0.001586748
210112,ACE2_mut_panel,G755A,SARS1,400,61310,NA,87.055945,1.748042,0.017635007
210112,ACE2_mut_panel,G820E,SARS1,400,132327,NA,83.255118,0.043569,0.000435785
210112,ACE2_mut_panel,G821A,SARS1,400,172170,NA,85.408027,0.034003,0.000340088
210112,ACE2_mut_panel,G875A,SARS1,400,86410,NA,62.274042,0.128227,0.001283093
210112,ACE2_mut_panel,G876C,SARS1,400,171534,NA,83.279117,0.052502,0.000525158
210112,ACE2_mut_panel,G877A,SARS1,400,85698,NA,91.488716,1.664456,0.016784637
210112,ACE2_mut_panel,G758A,VSVG,100,16719,NA,96.913691,22.310683,0.252452428
210112,ACE2_mut_panel,G755A,VSVG,100,19266,NA,85.881864,19.27354,0.214103783
210112,ACE2_mut_panel,G820E,VSVG,100,26598,NA,81.430935,19.9132,0.22205914
210112,ACE2_mut_panel,G821A,VSVG,100,33213,NA,80.236654,19.272768,0.21409422
210112,ACE2_mut_panel,G875A,VSVG,100,39956,NA,59.870858,19.559401,0.217651175
210112,ACE2_mut_panel,G876C,VSVG,100,38439,NA,83.397071,19.927005,0.22223153
210112,ACE2_mut_panel,G877A,VSVG,100,36362,NA,89.073758,19.330637,0.214811323
210114,ACE2_mut_panel,G758A,SARS2,800,160349,NA,98.054868,0.029257,0.000292613
210114,ACE2_mut_panel,G755A,SARS2,800,95543,NA,90.414787,0.354228,0.003548569
210114,ACE2_mut_panel,G820E,SARS2,800,153843,NA,92.751701,0.016119,0.000161203
210114,ACE2_mut_panel,G821A,SARS2,800,55067,NA,95.23308,0.261241,0.002615828
210114,ACE2_mut_panel,G875A,SARS2,800,56284,NA,85.987137,0.235552,0.002358299
210114,ACE2_mut_panel,G876C,SARS2,800,180450,NA,91.049044,0.024346,0.00024349
210114,ACE2_mut_panel,G877A,SARS2,800,114271,NA,95.64894,0.281796,0.002821938
210114,ACE2_mut_panel,G758A,SARS1,400,138371,NA,97.900572,0.102609,0.001026617
210114,ACE2_mut_panel,G755A,SARS1,400,116410,NA,94.818315,1.134284,0.011407661
210114,ACE2_mut_panel,G820E,SARS1,400,169433,NA,95.191019,0.033481,0.000334866
210114,ACE2_mut_panel,G821A,SARS1,400,68472,NA,96.150251,0.050125,0.000501376
210114,ACE2_mut_panel,G875A,SARS1,400,43852,NA,89.861352,0.180176,0.001803385
210114,ACE2_mut_panel,G876C,SARS1,400,243411,NA,93.588211,0.023705,0.000237078
210114,ACE2_mut_panel,G877A,SARS1,400,93268,NA,97.150148,1.020859,0.010261055
210114,ACE2_mut_panel,G758A,VSVG,100,38263,NA,97.702742,22.078964,0.249474231
210114,ACE2_mut_panel,G755A,VSVG,100,55908,NA,94.312084,17.582689,0.193374686
210114,ACE2_mut_panel,G820E,VSVG,100,36776,NA,95.265934,21.330098,0.239909543
210114,ACE2_mut_panel,G821A,VSVG,100,22016,NA,95.703125,25.946844,0.300387026
210114,ACE2_mut_panel,G875A,VSVG,100,14767,NA,89.124399,27.83983,0.326281954
210114,ACE2_mut_panel,G876C,VSVG,100,38418,NA,93.661825,18.639357,0.206278531
210114,ACE2_mut_panel,G877A,VSVG,100,63009,NA,97.379739,16.794876,0.183861254
210120,ACE2_mut_panel,G758A,VSVG,100,24226,NA,95.802031,13.830841,0.148857857
210120,ACE2_mut_panel,G755A,VSVG,100,25326,NA,89.560136,8.231197,0.085897783
210120,ACE2_mut_panel,G820E,VSVG,100,22425,NA,93.168339,8.749342,0.091559983
210120,ACE2_mut_panel,G821A,VSVG,100,19639,NA,94.938642,10.351301,0.109271498
210120,ACE2_mut_panel,G875A,VSVG,100,20259,NA,79.831186,11.061646,0.117226708
210120,ACE2_mut_panel,G876C,VSVG,100,28262,NA,91.699101,9.102485,0.095437523
210120,ACE2_mut_panel,G877A,VSVG,100,22226,NA,94.753892,10.712251,0.113305897
2/1/21,N501Y_expts,G755A,VSVG,30,20964,NA,98.454493,86.371124,1.992979409
2/1/21,N501Y_expts,G757A,VSVG,30,10528,NA,98.404255,87.972973,2.118013819
2/1/21,N501Y_expts,G758A,VSVG,30,26504,NA,98.709629,92.041893,2.530979028
2/1/21,N501Y_expts,G820E,VSVG,30,29800,NA,98.496543,89.570698,2.260550842
2/1/21,N501Y_expts,G821A,VSVG,30,26900,NA,98.432905,88.901074,2.198321839
2/1/21,N501Y_expts,G822A,VSVG,30,26300,NA,98.291866,87.308898,2.064269068
2/1/21,N501Y_expts,G824D,VSVG,30,23100,NA,97.585818,87.705974,2.096056733
2/1/21,N501Y_expts,G825F,VSVG,30,18272,NA,98.111865,89.964857,2.299076954
2/1/21,N501Y_expts,G875A,VSVG,30,6788,NA,97.289334,91.020594,2.410236453
2/1/21,N501Y_expts,G876C,VSVG,30,11620,NA,98.098107,90.63953,2.368674683
2/1/21,N501Y_expts,G755A,G742A,230,7463,NA,98.673456,3.938077,0.040177171
2/1/21,N501Y_expts,G757A,G742A,230,5926,NA,98.76814,0.32462,0.00325148
2/1/21,N501Y_expts,G758A,G742A,230,8289,NA,82.6879,0.437701,0.004386617
2/1/21,N501Y_expts,G820E,G742A,230,8333,NA,98.199928,0.219968,0.002202103
2/1/21,N501Y_expts,G821A,G742A,230,9178,NA,98.627152,0.751215,0.007540508
2/1/21,N501Y_expts,G822A,G742A,230,5784,NA,98.201936,1.338028,0.013470603
2/1/21,N501Y_expts,G824D,G742A,230,11945,NA,98.350774,3.132448,0.031825584
2/1/21,N501Y_expts,G825F,G742A,230,9147,NA,98.010277,3.636364,0.037041275
2/1/21,N501Y_expts,G875A,G742A,230,6752,NA,97.422986,0.501672,0.005029346
2/1/21,N501Y_expts,G876C,G742A,230,9362,NA,98.643452,0.086627,0.000866645
2/1/21,N501Y_expts,G755A,G882A,230,6044,NA,98.874917,12.667336,0.135445635
2/1/21,N501Y_expts,G757A,G882A,230,4714,NA,98.599915,0.8821,0.008860135
2/1/21,N501Y_expts,G758A,G882A,230,5950,NA,88.016807,0.668322,0.006705653
2/1/21,N501Y_expts,G820E,G882A,230,7615,NA,98.450427,0.253435,0.002537567
2/1/21,N501Y_expts,G821A,G882A,230,5757,NA,98.645128,2.623701,0.026587342
2/1/21,N501Y_expts,G822A,G882A,230,5371,NA,98.547756,5.932363,0.06115612
2/1/21,N501Y_expts,G824D,G882A,230,7942,NA,98.312768,8.990779,0.094209355
2/1/21,N501Y_expts,G825F,G882A,230,8203,NA,98.585883,12.291332,0.131149455
2/1/21,N501Y_expts,G875A,G882A,230,9990,NA,97.747748,1.996928,0.020171361
2/1/21,N501Y_expts,G876C,G882A,230,7808,NA,98.668033,0.155763,0.001558844
2/1/21,N501Y_expts,G755A,G908A,230,5458,NA,98.204471,7.66791,0.079778434
2/1/21,N501Y_expts,G757A,G908A,230,4840,NA,97.975207,2.214256,0.022391386
2/1/21,N501Y_expts,G758A,G908A,230,5524,NA,81.317886,0.62333,0.006252808
2/1/21,N501Y_expts,G820E,G908A,230,6754,NA,98.104827,0.422578,0.004234734
2/1/21,N501Y_expts,G821A,G908A,230,6113,NA,98.053329,1.701702,0.017163473
2/1/21,N501Y_expts,G822A,G908A,230,5699,NA,97.894367,7.098046,0.073625507
2/1/21,N501Y_expts,G824D,G908A,230,8867,NA,98.319612,6.595549,0.068231187
2/1/21,N501Y_expts,G825F,G908A,230,4288,NA,98.577425,5.843388,0.060210705
2/1/21,N501Y_expts,G875A,G908A,230,4116,NA,97.521866,0.896861,0.00900907
2/1/21,N501Y_expts,G876C,G908A,230,7755,NA,98.465506,0.589314,0.005910573
2/2/21,N501Y_expts,G755A,VSVG,230,28248,NA,96.803314,86.973853,2.038211541
2/2/21,N501Y_expts,G757A,VSVG,230,20359,NA,97.34761,81.290681,1.676148444
2/2/21,N501Y_expts,G758A,VSVG,30,32260,NA,95.037198,89.598487,2.26321891
2/2/21,N501Y_expts,G820E,VSVG,30,15335,NA,97.587219,88.713665,2.181577484
2/2/21,N501Y_expts,G821A,VSVG,30,15670,NA,97.370772,86.380915,1.993698068
2/2/21,N501Y_expts,G822A,VSVG,30,7794,NA,97.279959,82.392509,1.736845749
2/2/21,N501Y_expts,G824D,VSVG,30,7406,NA,98.082636,82.144824,1.722876748
2/2/21,N501Y_expts,G825F,VSVG,30,5783,NA,98.045997,83.544974,1.804539224
2/2/21,N501Y_expts,G875A,VSVG,30,8134,NA,95.942955,88.774987,2.187025594
2/2/21,N501Y_expts,G876C,VSVG,30,4342,NA,97.85813,89.644622,2.267664188
2/2/21,N501Y_expts,G755A,G742A,30,4709,NA,99.384158,4.209402,0.043005648
2/2/21,N501Y_expts,G757A,G742A,30,2721,NA,99.301727,0.370096,0.003707825
2/2/21,N501Y_expts,G758A,G742A,230,5337,NA,97.863969,0.631821,0.006338254
2/2/21,N501Y_expts,G820E,G742A,230,2734,NA,99.195318,0.110619,0.001106802
2/2/21,N501Y_expts,G821A,G742A,230,3829,NA,99.085923,1.818661,0.018354019
2/2/21,N501Y_expts,G822A,G742A,230,2909,NA,99.312479,2.803738,0.028437932
2/2/21,N501Y_expts,G824D,G742A,230,3422,NA,99.12332,4.127358,0.042149521
2/2/21,N501Y_expts,G825F,G742A,230,3189,NA,99.310129,5.146827,0.052840037
2/2/21,N501Y_expts,G875A,G742A,230,6320,NA,98.433544,0.739431,0.007421783
2/2/21,N501Y_expts,G876C,G742A,230,5994,NA,99.165832,1.530956,0.015427961
2/2/21,N501Y_expts,G755A,G882A,230,2327,NA,99.398367,13.445741,0.144398697
2/2/21,N501Y_expts,G757A,G882A,230,1594,NA,99.184442,1.70778,0.017225307
2/2/21,N501Y_expts,G758A,G882A,230,3938,NA,97.714576,0.883576,0.008875027
2/2/21,N501Y_expts,G820E,G882A,230,2482,NA,99.194198,0.203087,0.002032935
2/2/21,N501Y_expts,G821A,G882A,230,2426,NA,98.928277,3.791667,0.03865421
2/2/21,N501Y_expts,G822A,G882A,230,2566,NA,99.33749,8.748529,0.091551073
2/2/21,N501Y_expts,G824D,G882A,230,3872,NA,98.941116,13.260245,0.142257872
2/2/21,N501Y_expts,G825F,G882A,230,2286,NA,98.993876,15.863897,0.172734425
2/2/21,N501Y_expts,G875A,G882A,230,4405,NA,98.819523,2.894555,0.029372736
2/2/21,N501Y_expts,G876C,G882A,230,3519,NA,98.976982,7.321275,0.076031244
2/2/21,N501Y_expts,G755A,G908A,230,3379,NA,97.425274,7.138518,0.074061244
2/2/21,N501Y_expts,G757A,G908A,230,1100,NA,97.454545,2.798507,0.028384115
2/2/21,N501Y_expts,G758A,G908A,230,4445,NA,97.27784,0.716929,0.007195113
2/2/21,N501Y_expts,G820A,G908A,230,2069,NA,97.873369,0.54321,0.005446908
2/2/21,N501Y_expts,G821A,G908A,230,1873,NA,98.238121,2.282609,0.023090639
2/2/21,N501Y_expts,G822A,G908A,230,3031,NA,98.944243,7.469156,0.077628148
2/2/21,N501Y_expts,G824D,G908A,230,4636,NA,98.6195,7.502187,0.077985185
2/2/21,N501Y_expts,G825F,G908A,230,1330,NA,97.067669,8.288149,0.086518578
2/2/21,N501Y_expts,G875A,G908A,230,6835,NA,98.346745,2.112467,0.021350989
2/2/21,N501Y_expts,G876C,G908A,230,2829,NA,98.586073,4.159197,0.042481673