Chromosome,Position,rsID,Reference,Alternate,Source,Filters - exomes,Filters - genomes,HGVS Consequence,Protein Consequence,Transcript Consequence,VEP Annotation,ClinVar Clinical Significance,Flags,Allele Count,Allele Number,Allele Frequency,Homozygote Count,Hemizygote Count,Allele Count Other,Allele Number Other,Homozygote Count Other,Hemizygote Count Other,Allele Count Latino/Admixed American,Allele Number Latino/Admixed American,Homozygote Count Latino/Admixed American,Hemizygote Count Latino/Admixed American,Allele Count European (Finnish),Allele Number European (Finnish),Homozygote Count European (Finnish),Hemizygote Count European (Finnish),Allele Count Amish,Allele Number Amish,Homozygote Count Amish,Hemizygote Count Amish,Allele Count East Asian,Allele Number East Asian,Homozygote Count East Asian,Hemizygote Count East Asian,Allele Count Middle Eastern,Allele Number Middle Eastern,Homozygote Count Middle Eastern,Hemizygote Count Middle Eastern,Allele Count South Asian,Allele Number South Asian,Homozygote Count South Asian,Hemizygote Count South Asian,Allele Count Ashkenazi Jewish,Allele Number Ashkenazi Jewish,Homozygote Count Ashkenazi Jewish,Hemizygote Count Ashkenazi Jewish,Allele Count African/African-American,Allele Number African/African-American,Homozygote Count African/African-American,Hemizygote Count African/African-American,Allele Count European (non-Finnish),Allele Number European (non-Finnish),Homozygote Count European (non-Finnish),Hemizygote Count European (non-Finnish)
X,15564175,rs41303171,T,C,gnomAD Genomes,NA,PASS,p.Asn720Asp,p.Asn720Asp,c.2158A>G,missense_variant,,,1682,111755,0.0150507807256946,19,462,17,1505,0,2,45,10549,0,12,157,6093,3,87,1,685,0,0,1,3591,0,1,1,237,0,1,8,2643,0,6,40,2638,0,12,92,30698,0,23,1320,53116,16,318
X,15600835,rs4646116,T,C,gnomAD Genomes,NA,PASS,p.Lys26Arg,p.Lys26Arg,c.77A>G,missense_variant,Likely benign,,500,111871,0.004469433543992634,1,129,6,1497,0,1,56,10551,0,25,2,6084,0,1,0,684,0,0,0,3595,0,0,0,237,0,0,7,2659,0,4,35,2650,0,12,36,30699,0,6,358,53215,1,80
X,15564142,rs147311723,G,A,gnomAD Genomes,NA,PASS,p.Leu731Phe,p.Leu731Phe,c.2191C>T,missense_variant,,,431,111641,0.0038605888517659285,2,104,4,1503,0,2,12,10524,0,2,0,6056,0,0,0,684,0,0,0,3577,0,0,0,237,0,0,0,2650,0,0,0,2639,0,0,412,30627,2,100,3,53144,0,0
X,15566293,rs149039346,A,G,gnomAD Genomes,NA,PASS,p.Ser692Pro,p.Ser692Pro,c.2074T>C,missense_variant,,,190,111868,0.0016984302928451389,1,48,2,1501,0,2,8,10534,0,2,0,6112,0,0,0,684,0,0,0,3564,0,0,0,240,0,0,0,2679,0,0,0,2655,0,0,180,30710,1,44,0,53189,0,0
X,15581269,rs138390800,T,C,gnomAD Genomes,NA,PASS,p.Lys341Arg,p.Lys341Arg,c.1022A>G,missense_variant,,,116,111715,0.0010383565322472363,0,40,3,1507,0,1,4,10498,0,3,0,6075,0,0,0,688,0,0,0,3581,0,0,0,239,0,0,0,2632,0,0,0,2638,0,0,109,30698,0,36,0,53159,0,0
X,15589409,rs148771870,C,T,gnomAD Genomes,NA,PASS,p.Gly211Arg,p.Gly211Arg,c.631G>A,missense_variant,,,132,110698,0.0011924334676326582,0,30,0,1504,0,0,2,10351,0,0,12,5789,0,6,0,687,0,0,0,3538,0,0,0,239,0,0,3,2612,0,2,0,2648,0,0,8,30409,0,3,107,52921,0,19
X,15589385,rs372272603,G,A,gnomAD Genomes,NA,PASS,p.Arg219Cys,p.Arg219Cys,c.655C>T,missense_variant,,,62,110299,0.0005621084506659172,0,17,1,1492,0,0,0,10304,0,0,0,5715,0,0,0,687,0,0,0,3528,0,0,0,236,0,0,1,2602,0,0,0,2640,0,0,6,30279,0,2,54,52816,0,15
X,15600857,rs73635825,A,G,gnomAD Genomes,NA,PASS,p.Ser19Pro,p.Ser19Pro,c.55T>C,missense_variant,,,66,111652,0.0005911224160785297,0,17,0,1499,0,0,0,10538,0,0,0,6021,0,0,0,684,0,0,0,3585,0,0,0,238,0,0,0,2640,0,0,0,2652,0,0,66,30633,0,17,0,53162,0,0
X,15575706,rs191860450,T,C,gnomAD Genomes,NA,PASS,p.Ile468Val,p.Ile468Val,c.1402A>G,missense_variant,,,31,112185,0.00027632927753264695,1,12,0,1511,0,0,0,10608,0,0,0,6129,0,0,0,685,0,0,29,3574,1,12,0,237,0,0,0,2683,0,0,0,2653,0,0,1,30855,0,0,1,53250,0,0
X,15589423,rs142443432,T,C,gnomAD Genomes,NA,PASS,p.Asp206Gly,p.Asp206Gly,c.617A>G,missense_variant,,,45,110385,0.00040766408479412964,0,12,0,1492,0,0,1,10282,0,0,0,5713,0,0,0,687,0,0,0,3557,0,0,0,237,0,0,0,2601,0,0,0,2642,0,0,3,30341,0,1,41,52833,0,11
X,15571670,rs145437639,G,T,gnomAD Genomes,NA,PASS,p.Asp597Glu,p.Asp597Glu,c.1791C>A,missense_variant,,,29,111863,0.0002592456844533045,0,9,2,1499,0,1,3,10564,0,0,0,6089,0,0,0,686,0,0,0,3579,0,0,0,240,0,0,0,2677,0,0,0,2634,0,0,24,30733,0,8,0,53162,0,0
X,15594846,,C,T,gnomAD Genomes,NA,PASS,p.Arg115Gln,p.Arg115Gln,c.344G>A,missense_variant,,,20,111772,0.0001789356905128297,0,6,0,1516,0,0,0,10509,0,0,0,6007,0,0,0,686,0,0,5,3586,0,3,0,237,0,0,0,2683,0,0,0,2636,0,0,2,30732,0,0,13,53180,0,3
X,15570351,,C,A,gnomAD Genomes,NA,PASS,p.Ala614Ser,p.Ala614Ser,c.1840G>T,missense_variant,,,11,112709,0.00009759646523347736,0,5,1,1520,0,0,0,10636,0,0,2,6218,0,2,0,687,0,0,0,3609,0,0,0,239,0,0,0,2744,0,0,0,2653,0,0,0,31031,0,0,8,53372,0,3
X,15600803,rs146676783,C,T,gnomAD Genomes,NA,PASS,p.Glu37Lys,p.Glu37Lys,c.109G>A,missense_variant,,,6,111947,0.00005359679133875852,0,5,0,1505,0,0,0,10551,0,0,2,6066,0,2,0,684,0,0,0,3588,0,0,1,238,0,1,0,2702,0,0,0,2651,0,0,3,30740,0,2,0,53222,0,0
X,15567810,rs183135788,T,C,gnomAD Genomes,NA,PASS,p.Asn638Ser,p.Asn638Ser,c.1913A>G,missense_variant,,,12,112254,0.00010690042225666791,0,4,0,1522,0,0,0,10571,0,0,0,6102,0,0,0,687,0,0,12,3598,0,4,0,238,0,0,0,2717,0,0,0,2652,0,0,0,30908,0,0,0,53259,0,0
X,15562008,rs764682532,T,C,gnomAD Genomes,NA,PASS,p.Asn772Ser,p.Asn772Ser,c.2315A>G,missense_variant,,,7,112124,0.00006243088009703542,0,3,0,1504,0,0,7,10536,0,3,0,6063,0,0,0,683,0,0,0,3594,0,0,0,237,0,0,0,2714,0,0,0,2656,0,0,0,30892,0,0,0,53245,0,0
X,15564112,rs372923812,T,C,gnomAD Genomes,NA,PASS,p.Ile741Val,p.Ile741Val,c.2221A>G,missense_variant,,,14,111647,0.00012539521885944092,0,3,1,1498,0,0,7,10501,0,3,0,6038,0,0,0,683,0,0,0,3569,0,0,0,239,0,0,0,2642,0,0,1,2632,0,0,1,30678,0,0,4,53167,0,0
X,15571636,rs747988885,C,T,gnomAD Genomes,NA,PASS,p.Asp609Asn,p.Asp609Asn,c.1825G>A,missense_variant,,,4,112175,0.000035658569199910854,0,3,0,1509,0,0,0,10641,0,0,0,6108,0,0,0,685,0,0,0,3580,0,0,0,240,0,0,0,2705,0,0,0,2643,0,0,4,30860,0,3,0,53204,0,0
X,15578253,rs142984500,T,C,gnomAD Genomes,NA,PASS,p.His378Arg,p.His378Arg,c.1133A>G,missense_variant,,,10,112045,0.00008924985496898568,0,3,0,1513,0,0,0,10561,0,0,0,6096,0,0,0,685,0,0,0,3574,0,0,0,240,0,0,0,2702,0,0,0,2651,0,0,1,30819,0,0,9,53204,0,3
X,15578284,rs1228750646,C,T,gnomAD Genomes,NA,PASS,p.Asp368Asn,p.Asp368Asn,c.1102G>A,missense_variant,,,3,111872,0.00002681636155606407,0,3,0,1495,0,0,0,10542,0,0,0,6059,0,0,0,683,0,0,0,3579,0,0,0,238,0,0,1,2694,0,1,0,2647,0,0,0,30757,0,0,2,53178,0,2
X,15581297,rs185525294,T,A,gnomAD Genomes,NA,PASS,p.Met332Leu,p.Met332Leu,c.994A>T,missense_variant,,,8,111620,0.00007167174341515857,0,3,0,1505,0,0,0,10498,0,0,0,6059,0,0,0,686,0,0,0,3577,0,0,0,237,0,0,0,2612,0,0,0,2644,0,0,8,30663,0,3,0,53139,0,0
X,15600792,,G,T,gnomAD Genomes,NA,PASS,p.Phe40Leu,p.Phe40Leu,c.120C>A,missense_variant,,,10,112113,0.00008919572217316457,0,3,0,1505,0,0,10,10550,0,3,0,6084,0,0,0,685,0,0,0,3601,0,0,0,237,0,0,0,2705,0,0,0,2654,0,0,0,30831,0,0,0,53261,0,0
X,15600890,rs201035388,G,A,gnomAD Genomes,NA,PASS,p.Leu8Phe,p.Leu8Phe,c.22C>T,missense_variant,,,10,111834,0.00008941824489868913,0,3,0,1504,0,0,0,10541,0,0,0,6058,0,0,0,680,0,0,0,3591,0,0,0,238,0,0,0,2668,0,0,0,2649,0,0,2,30718,0,0,8,53187,0,3
X,15561970,,C,T,gnomAD Genomes,NA,PASS,p.Asp785Asn,p.Asp785Asn,c.2353G>A,missense_variant,,,2,112051,0.00001784901518058741,0,2,0,1510,0,0,0,10523,0,0,0,6042,0,0,0,685,0,0,0,3607,0,0,0,238,0,0,0,2702,0,0,0,2651,0,0,0,30871,0,0,2,53222,0,2
X,15564034,rs747516757,C,G,gnomAD Genomes,NA,PASS,p.Asp767His,p.Asp767His,c.2299G>C,missense_variant,,,2,111667,0.000017910394297330456,0,2,0,1505,0,0,2,10490,0,2,0,6047,0,0,0,686,0,0,0,3552,0,0,0,238,0,0,0,2633,0,0,0,2638,0,0,0,30696,0,0,0,53182,0,0
X,15572225,,G,C,gnomAD Genomes,NA,PASS,p.Ser547Cys,p.Ser547Cys,c.1640C>G,missense_variant,,,13,112255,0.00011580775911986103,0,2,0,1508,0,0,1,10589,0,0,0,6136,0,0,0,685,0,0,0,3594,0,0,0,239,0,0,0,2695,0,0,0,2648,0,0,0,30885,0,0,12,53276,0,2
X,15581236,rs370610075,C,A,gnomAD Genomes,NA,PASS,p.Gly352Val,p.Gly352Val,c.1055G>T,missense_variant,,,4,111543,0.000035860609809669814,0,2,0,1494,0,0,0,10501,0,0,0,6025,0,0,0,688,0,0,0,3564,0,0,0,240,0,0,0,2619,0,0,0,2648,0,0,0,30652,0,0,4,53112,0,2
X,15581314,rs759579097,C,T,gnomAD Genomes,NA,PASS,p.Gly326Glu,p.Gly326Glu,c.977G>A,missense_variant,,,4,111775,0.00003578617758890629,0,2,0,1503,0,0,0,10513,0,0,0,6081,0,0,0,684,0,0,0,3586,0,0,0,238,0,0,0,2644,0,0,0,2647,0,0,4,30696,0,2,0,53183,0,0
X,15587768,rs200745906,G,A,gnomAD Genomes,NA,PASS,p.Pro263Ser,p.Pro263Ser,c.787C>T,missense_variant,,,9,111611,0.00008063721317791257,0,2,0,1515,0,0,0,10491,0,0,0,5979,0,0,0,685,0,0,0,3577,0,0,0,238,0,0,0,2699,0,0,0,2640,0,0,1,30672,0,0,8,53115,0,2
X,15587785,rs745514718,C,T,gnomAD Genomes,NA,PASS,p.Ser257Asn,p.Ser257Asn,c.770G>A,missense_variant,,,3,111557,0.000026892082074634492,0,2,0,1503,0,0,1,10502,0,0,0,5973,0,0,0,688,0,0,2,3578,0,2,0,238,0,0,0,2706,0,0,0,2642,0,0,0,30653,0,0,0,53074,0,0
X,15591820,rs746034076,T,C,gnomAD Genomes,NA,PASS,p.Asn159Ser,p.Asn159Ser,c.476A>G,missense_variant,,,3,112121,0.000026756807377743687,0,2,0,1509,0,0,0,10513,0,0,0,6131,0,0,0,688,0,0,1,3588,0,1,0,238,0,0,0,2693,0,0,0,2654,0,0,0,30829,0,0,2,53278,0,1
X,15561912,rs771107251,G,A,gnomAD Genomes,NA,PASS,p.Ser804Phe,p.Ser804Phe,c.2411C>T,missense_variant,,,4,111898,0.000035746840872937855,0,1,0,1501,0,0,0,10552,0,0,0,6018,0,0,0,687,0,0,0,3598,0,0,0,236,0,0,0,2687,0,0,0,2647,0,0,4,30809,0,1,0,53163,0,0
X,15561978,rs147487891,G,A,gnomAD Genomes,NA,PASS,p.Ala782Val,p.Ala782Val,c.2345C>T,missense_variant,,,5,111969,0.00004465521706901017,0,1,0,1507,0,0,0,10528,0,0,0,6040,0,0,0,685,0,0,0,3599,0,0,0,236,0,0,0,2709,0,0,0,2650,0,0,0,30840,0,0,5,53175,0,1
X,15561982,rs902013280,A,G,gnomAD Genomes,NA,PASS,p.Tyr781His,p.Tyr781His,c.2341T>C,missense_variant,,,2,112196,0.00001782594744910692,0,1,0,1506,0,0,0,10559,0,0,0,6090,0,0,0,684,0,0,0,3605,0,0,0,236,0,0,0,2716,0,0,0,2656,0,0,0,30921,0,0,2,53223,0,1
X,15562002,rs1307986087,G,C,gnomAD Genomes,NA,PASS,p.Ala774Gly,p.Ala774Gly,c.2321C>G,missense_variant,,,1,111757,0.00000894798536109595,0,1,0,1501,0,0,0,10495,0,0,0,5989,0,0,0,682,0,0,1,3585,0,1,0,236,0,0,0,2695,0,0,0,2649,0,0,0,30779,0,0,0,53146,0,0
X,15564031,rs140016715,G,A,gnomAD Genomes,NA,PASS,p.Arg768Trp,p.Arg768Trp,c.2302C>T,missense_variant,,,4,111154,0.00003598610936178635,0,1,0,1499,0,0,0,10441,0,0,0,5943,0,0,0,684,0,0,0,3535,0,0,0,236,0,0,0,2627,0,0,0,2633,0,0,4,30545,0,1,0,53011,0,0
X,15564069,,A,G,gnomAD Genomes,NA,PASS,p.Val755Ala,p.Val755Ala,c.2264T>C,missense_variant,,,1,111498,0.000008968770740282336,0,1,0,1489,0,0,0,10475,0,0,0,6039,0,0,0,686,0,0,0,3563,0,0,0,239,0,0,0,2630,0,0,0,2627,0,0,0,30662,0,0,1,53088,0,1
X,15564168,,A,G,gnomAD Genomes,NA,PASS,p.Leu722Pro,p.Leu722Pro,c.2165T>C,missense_variant,,,1,111799,0.000008944623833844668,0,1,0,1503,0,0,0,10565,0,0,0,6100,0,0,0,686,0,0,0,3594,0,0,0,237,0,0,0,2656,0,0,0,2638,0,0,0,30689,0,0,1,53131,0,1
X,15564186,rs200540199,C,T,gnomAD Genomes,NA,PASS,p.Arg716His,p.Arg716His,c.2147G>A,missense_variant,,,9,111324,0.00008084510078689232,0,1,0,1496,0,0,0,10492,0,0,0,5977,0,0,0,684,0,0,0,3569,0,0,0,238,0,0,0,2656,0,0,0,2638,0,0,1,30525,0,0,8,53049,0,1
X,15564205,rs901495523,G,A,gnomAD Genomes,NA,PASS,p.Arg710Cys,p.Arg710Cys,c.2128C>T,missense_variant,,,8,111743,0.00007159285145378235,0,1,0,1503,0,0,0,10549,0,0,0,6083,0,0,0,684,0,0,0,3591,0,0,0,238,0,0,0,2653,0,0,0,2646,0,0,0,30655,0,0,8,53141,0,1
X,15564211,rs776995986,G,A,gnomAD Genomes,NA,PASS,p.Arg708Trp,p.Arg708Trp,c.2122C>T,missense_variant,,,4,111735,0.00003579898867856983,0,1,0,1505,0,0,0,10540,0,0,0,6077,0,0,0,683,0,0,1,3593,0,1,0,238,0,0,0,2662,0,0,0,2645,0,0,0,30646,0,0,3,53146,0,0
X,15564218,,C,G,gnomAD Genomes,NA,PASS,p.Arg705Ser,p.Arg705Ser,c.2115G>C,missense_variant,,,1,111724,0.000008950628334109055,0,1,0,1501,0,0,0,10537,0,0,0,6064,0,0,0,686,0,0,0,3588,0,0,0,238,0,0,0,2655,0,0,0,2643,0,0,1,30660,0,1,0,53152,0,0
X,15566278,rs751603885,T,C,gnomAD Genomes,NA,PASS,p.Arg697Gly,p.Arg697Gly,c.2089A>G,missense_variant,,,1,111946,0.000008932878352062602,0,1,0,1503,0,0,0,10537,0,0,0,6116,0,0,0,683,0,0,0,3578,0,0,0,239,0,0,1,2699,0,1,0,2650,0,0,0,30746,0,0,0,53195,0,0
X,15566352,rs1449878623,A,G,gnomAD Genomes,NA,PASS,p.Val672Ala,p.Val672Ala,c.2015T>C,missense_variant,,,1,111202,0.000008992644017193935,0,1,0,1503,0,0,0,10426,0,0,1,6013,0,1,0,682,0,0,0,3539,0,0,0,239,0,0,0,2623,0,0,0,2646,0,0,0,30487,0,0,0,53044,0,0
X,15570348,rs1408702726,C,G,gnomAD Genomes,NA,PASS,p.Asp615His,p.Asp615His,c.1843G>C,missense_variant,,,1,112714,0.00000887201234984119,0,1,0,1524,0,0,0,10649,0,0,0,6218,0,0,0,687,0,0,0,3595,0,0,0,238,0,0,0,2750,0,0,0,2655,0,0,1,31027,0,1,0,53371,0,0
X,15571656,,G,T,gnomAD Genomes,NA,PASS,p.Ser602Tyr,p.Ser602Tyr,c.1805C>A,missense_variant,,,1,112068,0.000008923153799478887,0,1,0,1501,0,0,0,10599,0,0,0,6124,0,0,0,687,0,0,0,3585,0,0,0,239,0,0,0,2704,0,0,0,2642,0,0,0,30809,0,0,1,53178,0,1
X,15571664,rs1162138115,G,C,gnomAD Genomes,NA,PASS,p.Asn599Lys,p.Asn599Lys,c.1797C>G,missense_variant,,,1,111980,0.00000893016610108948,0,1,0,1498,0,0,0,10594,0,0,0,6109,0,0,0,688,0,0,0,3576,0,0,0,237,0,0,0,2687,0,0,0,2634,0,0,1,30781,0,1,0,53176,0,0
X,15571678,rs148036434,G,C,gnomAD Genomes,NA,PASS,p.Leu595Val,p.Leu595Val,c.1783C>G,missense_variant,,,4,111838,0.00003576601870562778,0,1,0,1497,0,0,0,10563,0,0,0,6089,0,0,0,682,0,0,0,3566,0,0,0,240,0,0,0,2685,0,0,0,2635,0,0,0,30741,0,0,4,53140,0,1
X,15571683,rs140857723,G,T,gnomAD Genomes,NA,PASS,p.Thr593Asn,p.Thr593Asn,c.1778C>A,missense_variant,,,2,111716,0.00001790253857997064,0,1,0,1490,0,0,0,10555,0,0,0,6068,0,0,0,684,0,0,0,3568,0,0,0,240,0,0,0,2661,0,0,0,2638,0,0,2,30690,0,1,0,53122,0,0
X,15571784,rs1016777825,C,G,gnomAD Genomes,NA,PASS,p.Arg559Ser,p.Arg559Ser,c.1677G>C,missense_variant,,,1,111679,0.000008954234905398507,0,1,0,1498,0,0,1,10464,0,1,0,6077,0,0,0,685,0,0,0,3572,0,0,0,238,0,0,0,2655,0,0,0,2642,0,0,0,30733,0,0,0,53115,0,0
X,15572207,rs899455705,T,G,gnomAD Genomes,NA,PASS,p.Lys553Thr,p.Lys553Thr,c.1658A>C,missense_variant,,,1,112330,0.000008902341315766046,0,1,0,1512,0,0,0,10595,0,0,0,6174,0,0,0,685,0,0,0,3599,0,0,0,240,0,0,0,2697,0,0,0,2641,0,0,1,30893,0,1,0,53294,0,0
X,15572271,rs763593286,C,T,gnomAD Genomes,NA,PASS,p.Ala532Thr,p.Ala532Thr,c.1594G>A,missense_variant,,,1,112015,0.000008927375797884211,0,1,0,1509,0,0,0,10568,0,0,0,6087,0,0,0,688,0,0,0,3582,0,0,0,240,0,0,1,2680,0,1,0,2651,0,0,0,30788,0,0,0,53222,0,0
X,15573368,,G,C,gnomAD Genomes,NA,PASS,p.Arg514Gly,p.Arg514Gly,c.1540C>G,missense_variant,,,1,110461,0.000009052968921157694,0,1,0,1495,0,0,0,10232,0,0,0,5722,0,0,0,677,0,0,0,3542,0,0,0,239,0,0,0,2591,0,0,0,2645,0,0,1,30347,0,1,0,52971,0,0
X,15573391,rs775181355,A,G,gnomAD Genomes,NA,PASS,p.Val506Ala,p.Val506Ala,c.1517T>C,missense_variant,,,1,110528,0.000009047481181239142,0,1,0,1489,0,0,0,10219,0,0,0,5744,0,0,0,678,0,0,0,3533,0,0,0,238,0,0,0,2583,0,0,0,2641,0,0,0,30393,0,0,1,53010,0,1
X,15573398,rs760281053,A,T,gnomAD Genomes,NA,PASS,p.Phe504Ile,p.Phe504Ile,c.1510T>A,missense_variant,,,2,110377,0.000018119716970020927,0,1,0,1490,0,0,0,10230,0,0,0,5726,0,0,0,681,0,0,0,3523,0,0,0,240,0,0,0,2592,0,0,0,2644,0,0,0,30320,0,0,2,52931,0,1
X,15573419,rs961921482,A,G,gnomAD Genomes,NA,PASS,p.Tyr497His,p.Tyr497His,c.1489T>C,missense_variant,,,1,110385,0.000009059201884313992,0,1,0,1492,0,0,0,10193,0,0,0,5710,0,0,0,682,0,0,1,3532,0,1,0,237,0,0,0,2623,0,0,0,2638,0,0,0,30337,0,0,0,52941,0,0
X,15573440,,G,T,gnomAD Genomes,NA,PASS,p.Pro490Thr,p.Pro490Thr,c.1468C>A,missense_variant,,,1,110104,0.000009082322168131948,0,1,0,1491,0,0,0,10179,0,0,0,5626,0,0,0,679,0,0,0,3529,0,0,0,240,0,0,0,2614,0,0,0,2641,0,0,0,30207,0,0,1,52898,0,1
X,15573459,,C,G,gnomAD Genomes,NA,PASS,p.Glu483Asp,p.Glu483Asp,c.1449G>C,missense_variant,,,2,110107,0.000018164149418293115,0,1,0,1486,0,0,0,10157,0,0,0,5599,0,0,0,683,0,0,0,3543,0,0,0,240,0,0,0,2605,0,0,0,2638,0,0,2,30248,0,1,0,52908,0,0
X,15575709,rs1270795706,C,T,gnomAD Genomes,NA,PASS,p.Glu467Lys,p.Glu467Lys,c.1399G>A,missense_variant,,,1,112125,0.000008918617614269789,0,1,0,1514,0,0,0,10599,0,0,0,6119,0,0,0,682,0,0,0,3582,0,0,0,236,0,0,0,2690,0,0,0,2649,0,0,0,30822,0,0,1,53232,0,1
X,15575765,rs763655186,C,T,gnomAD Genomes,NA,PASS,p.Gly448Glu,p.Gly448Glu,c.1343G>A,missense_variant,,,1,112035,0.00000892578212165841,0,1,0,1506,0,0,0,10589,0,0,0,6057,0,0,0,685,0,0,1,3585,0,1,0,239,0,0,0,2695,0,0,0,2651,0,0,0,30816,0,0,0,53212,0,0
X,15575769,rs776328956,C,A,gnomAD Genomes,NA,PASS,p.Val447Phe,p.Val447Phe,c.1339G>T,missense_variant,,,3,112246,0.000026727010316625982,0,1,1,1515,0,0,0,10624,0,0,1,6084,0,1,0,686,0,0,0,3582,0,0,0,240,0,0,0,2717,0,0,0,2651,0,0,0,30886,0,0,1,53261,0,0
X,15578192,rs1339365248,T,A,gnomAD Genomes,NA,PASS,p.Glu398Asp,p.Glu398Asp,c.1194A>T,missense_variant,,,1,111882,0.000008937988237607479,0,1,0,1511,0,0,0,10517,0,0,0,6084,0,0,0,686,0,0,0,3576,0,0,0,240,0,0,0,2672,0,0,0,2648,0,0,0,30759,0,0,1,53189,0,1
X,15578194,rs772619843,C,T,gnomAD Genomes,NA,PASS,p.Glu398Lys,p.Glu398Lys,c.1192G>A,missense_variant,,,1,111739,0.00000894942678921415,0,1,0,1509,0,0,0,10496,0,0,0,6056,0,0,0,685,0,0,0,3584,0,0,0,239,0,0,0,2662,0,0,0,2641,0,0,0,30703,0,0,1,53164,0,1
X,15578296,,C,T,gnomAD Genomes,NA,PASS,p.Val364Met,p.Val364Met,c.1090G>A,missense_variant,,,1,111907,0.000008935991492936098,0,1,0,1511,0,0,0,10564,0,0,0,6066,0,0,0,684,0,0,0,3580,0,0,0,240,0,0,0,2691,0,0,0,2648,0,0,1,30730,0,1,0,53193,0,0
X,15581305,rs143936283,T,C,gnomAD Genomes,NA,PASS,p.Glu329Gly,p.Glu329Gly,c.986A>G,missense_variant,,,7,111807,0.00006260788680494066,0,1,0,1505,0,0,0,10517,0,0,0,6087,0,0,0,686,0,0,0,3585,0,0,0,237,0,0,0,2635,0,0,0,2653,0,0,0,30713,0,0,7,53189,0,1
X,15581357,rs780574871,C,T,gnomAD Genomes,NA,PASS,p.Glu312Lys,p.Glu312Lys,c.934G>A,missense_variant,,,2,111970,0.00001786192730195588,0,1,0,1504,0,0,0,10535,0,0,0,6113,0,0,0,684,0,0,0,3599,0,0,0,239,0,0,0,2672,0,0,0,2652,0,0,2,30782,0,1,0,53190,0,0
X,15585484,rs745744395,C,T,gnomAD Genomes,NA,PASS,p.Met297Ile,p.Met297Ile,c.891G>A,missense_variant,,,1,112464,0.00000889173424384692,0,1,0,1513,0,0,0,10660,0,0,0,6106,0,0,0,688,0,0,0,3626,0,0,0,238,0,0,0,2723,0,0,0,2651,0,0,0,30998,0,0,1,53261,0,1
X,15585491,rs776226831,T,C,gnomAD Genomes,NA,PASS,p.Asp295Gly,p.Asp295Gly,c.884A>G,missense_variant,,,4,112702,0.00003549182800660148,0,1,0,1518,0,0,0,10666,0,0,1,6178,0,1,0,686,0,0,0,3633,0,0,0,236,0,0,0,2740,0,0,0,2655,0,0,0,31067,0,0,3,53323,0,0
X,15585531,,T,A,gnomAD Genomes,NA,PASS,p.Thr282Ser,p.Thr282Ser,c.844A>T,missense_variant,,,1,112482,0.000008890311338703082,0,1,0,1510,0,0,0,10635,0,0,0,6148,0,0,0,687,0,0,0,3633,0,0,0,235,0,0,1,2736,0,1,0,2645,0,0,0,30954,0,0,0,53299,0,0
X,15585567,rs766319182,T,C,gnomAD Genomes,NA,PASS,p.Met270Val,p.Met270Val,c.808A>G,missense_variant,,,3,112283,0.000026718203111780057,0,1,0,1511,0,0,0,10601,0,0,0,6088,0,0,0,686,0,0,0,3615,0,0,0,238,0,0,0,2748,0,0,0,2651,0,0,2,30896,0,1,1,53249,0,0
X,15587779,rs1161338919,A,G,gnomAD Genomes,NA,PASS,p.Ile259Thr,p.Ile259Thr,c.776T>C,missense_variant,,,1,111723,0.000008950708448573705,0,1,0,1508,0,0,0,10523,0,0,0,6018,0,0,0,686,0,0,0,3583,0,0,0,239,0,0,0,2705,0,0,0,2644,0,0,1,30701,0,1,0,53116,0,0
X,15587804,rs886466413,C,T,gnomAD Genomes,NA,PASS,p.Ala251Thr,p.Ala251Thr,c.751G>A,missense_variant,,,1,111745,0.000008948946261577698,0,1,0,1498,0,0,0,10529,0,0,0,6009,0,0,0,687,0,0,0,3592,0,0,0,238,0,0,0,2700,0,0,0,2641,0,0,1,30724,0,1,0,53127,0,0
X,15587830,rs1360329820,G,A,gnomAD Genomes,NA,PASS,p.Ala242Val,p.Ala242Val,c.725C>T,missense_variant,,,1,111666,0.000008955277344939373,0,1,0,1499,0,0,0,10503,0,0,0,6007,0,0,0,682,0,0,0,3595,0,0,0,239,0,0,0,2712,0,0,0,2643,0,0,0,30695,0,0,1,53091,0,1
X,15589384,rs759590772,C,T,gnomAD Genomes,NA,PASS,p.Arg219His,p.Arg219His,c.656G>A,missense_variant,,,1,110559,0.00000904494432836766,0,1,0,1496,0,0,0,10348,0,0,0,5796,0,0,0,685,0,0,0,3541,0,0,0,235,0,0,1,2601,0,1,0,2647,0,0,0,30335,0,0,0,52875,0,0
X,15591718,rs762219565,G,T,gnomAD Genomes,NA,PASS,p.Ala193Glu,p.Ala193Glu,c.578C>A,missense_variant,,,1,111432,0.00000897408284873286,0,1,0,1509,0,0,1,10452,0,1,0,6009,0,0,0,684,0,0,0,3561,0,0,0,236,0,0,0,2640,0,0,0,2631,0,0,0,30688,0,0,0,53022,0,0
X,15594847,rs1292756480,G,A,gnomAD Genomes,NA,PASS,p.Arg115Trp,p.Arg115Trp,c.343C>T,missense_variant,,,1,111644,0.000008957042026441188,0,1,0,1520,0,0,0,10506,0,0,0,5981,0,0,0,686,0,0,0,3582,0,0,0,239,0,0,0,2680,0,0,0,2634,0,0,1,30670,0,1,0,53146,0,0
X,15594870,rs139773121,A,G,gnomAD Genomes,NA,PASS,p.Val107Ala,p.Val107Ala,c.320T>C,missense_variant,,,3,112002,0.000026785235977928965,0,1,0,1515,0,0,0,10542,0,0,0,6094,0,0,0,689,0,0,0,3599,0,0,0,239,0,0,0,2674,0,0,0,2643,0,0,3,30778,0,1,0,53229,0,0
X,15594876,,G,A,gnomAD Genomes,NA,PASS,p.Ser105Phe,p.Ser105Phe,c.314C>T,missense_variant,,,1,111925,0.000008934554389099844,0,1,0,1523,0,0,0,10523,0,0,0,6048,0,0,0,689,0,0,0,3586,0,0,0,239,0,0,0,2683,0,0,0,2645,0,0,0,30762,0,0,1,53227,0,1
X,15594883,rs143158922,T,G,gnomAD Genomes,NA,PASS,p.Asn103His,p.Asn103His,c.307A>C,missense_variant,,,6,112027,0.000053558517143188696,0,1,0,1526,0,0,0,10539,0,0,0,6097,0,0,0,687,0,0,0,3592,0,0,0,237,0,0,0,2681,0,0,0,2642,0,0,6,30797,0,1,0,53229,0,0
X,15594895,,C,T,gnomAD Genomes,NA,PASS,p.Ala99Thr,p.Ala99Thr,c.295G>A,missense_variant,,,1,111792,0.00000894518391298125,0,1,0,1520,0,0,0,10509,0,0,0,6066,0,0,0,689,0,0,0,3596,0,0,0,239,0,0,0,2673,0,0,0,2634,0,0,1,30683,0,1,0,53183,0,0
X,15594943,,A,G,gnomAD Genomes,NA,PASS,p.Tyr83His,p.Tyr83His,c.247T>C,missense_variant,,,1,112173,0.000008914801244506254,0,1,0,1519,0,0,0,10564,0,0,0,6152,0,0,0,686,0,0,0,3611,0,0,0,239,0,0,1,2707,0,1,0,2649,0,0,0,30790,0,0,0,53256,0,0
X,15594944,,C,T,gnomAD Genomes,NA,PASS,p.Met82Ile,p.Met82Ile,c.246G>A,missense_variant,,,7,112091,0.00006244925997626928,0,1,0,1523,0,0,0,10542,0,0,0,6113,0,0,0,687,0,0,0,3606,0,0,0,240,0,0,0,2701,0,0,0,2643,0,0,7,30781,0,1,0,53255,0,0
X,15594952,,C,T,gnomAD Genomes,NA,PASS,p.Ala80Thr,p.Ala80Thr,c.238G>A,missense_variant,,,1,111963,0.000008931522020667542,0,1,0,1517,0,0,0,10529,0,0,0,6083,0,0,0,685,0,0,0,3605,0,0,0,238,0,0,0,2695,0,0,0,2644,0,0,1,30735,0,1,0,53232,0,0
X,15600728,rs1325542104,T,C,gnomAD Genomes,NA,PASS,p.Met62Val,p.Met62Val,c.184A>G,missense_variant,,,1,112108,0.000008919970028900702,0,1,0,1512,0,0,0,10584,0,0,0,6110,0,0,0,686,0,0,0,3608,0,0,0,238,0,0,1,2661,0,1,0,2651,0,0,0,30828,0,0,0,53230,0,0
X,15600860,,G,T,gnomAD Genomes,NA,PASS,p.Gln18Lys,p.Gln18Lys,c.52C>A,missense_variant,,,2,111690,0.00001790670606142,0,1,0,1504,0,0,2,10540,0,1,0,6025,0,0,0,684,0,0,0,3587,0,0,0,237,0,0,0,2634,0,0,0,2652,0,0,0,30662,0,0,0,53165,0,0
X,15561969,rs1248729689,T,G,gnomAD Genomes,NA,PASS,p.Asp785Ala,p.Asp785Ala,c.2354A>C,missense_variant,,,1,112249,0.00000890876533421233,0,0,0,1508,0,0,1,10550,0,0,0,6104,0,0,0,686,0,0,0,3614,0,0,0,239,0,0,0,2716,0,0,0,2653,0,0,0,30909,0,0,0,53270,0,0
X,15561970,,C,A,gnomAD Genomes,NA,PASS,p.Asp785Tyr,p.Asp785Tyr,c.2353G>T,missense_variant,,,2,112051,0.00001784901518058741,0,0,0,1510,0,0,1,10523,0,0,0,6042,0,0,0,685,0,0,0,3607,0,0,0,238,0,0,0,2702,0,0,0,2651,0,0,1,30871,0,0,0,53222,0,0
X,15561995,rs1228927272,A,T,gnomAD Genomes,NA,PASS,p.Ser776Arg,p.Ser776Arg,c.2328T>A,missense_variant,,,1,111969,0.000008931043413802035,0,0,0,1502,0,0,0,10531,0,0,0,6040,0,0,0,683,0,0,0,3596,0,0,0,235,0,0,0,2700,0,0,0,2651,0,0,1,30836,0,0,0,53195,0,0
X,15562011,rs1323382709,T,C,gnomAD Genomes,NA,PASS,p.Lys771Arg,p.Lys771Arg,c.2312A>G,missense_variant,,,1,112197,0.000008912894284160896,0,0,0,1506,0,0,0,10545,0,0,0,6078,0,0,0,685,0,0,1,3596,0,0,0,239,0,0,0,2718,0,0,0,2655,0,0,0,30912,0,0,0,53263,0,0
X,15564100,rs772641644,C,T,gnomAD Genomes,NA,PASS,p.Val745Ile,p.Val745Ile,c.2233G>A,missense_variant,,,4,111559,0.00003585546661407865,0,0,0,1486,0,0,0,10497,0,0,0,6006,0,0,0,685,0,0,0,3570,0,0,0,240,0,0,0,2633,0,0,0,2631,0,0,0,30660,0,0,4,53151,0,0
X,15564114,rs1371764870,G,A,gnomAD Genomes,NA,PASS,p.Ser740Phe,p.Ser740Phe,c.2219C>T,missense_variant,,,1,111562,0.000008963625607285635,0,0,0,1494,0,0,0,10491,0,0,0,6013,0,0,0,684,0,0,0,3575,0,0,0,240,0,0,0,2635,0,0,0,2635,0,0,0,30659,0,0,1,53136,0,0
X,15564115,rs1259850376,A,G,gnomAD Genomes,NA,PASS,p.Ser740Pro,p.Ser740Pro,c.2218T>C,missense_variant,,,1,111623,0.000008958727144047373,0,0,0,1492,0,0,0,10507,0,0,0,6040,0,0,0,684,0,0,0,3573,0,0,0,240,0,0,0,2638,0,0,0,2636,0,0,0,30672,0,0,1,53141,0,0
X,15564147,rs375923132,G,A,gnomAD Genomes,NA,PASS,p.Pro729Leu,p.Pro729Leu,c.2186C>T,missense_variant,,,1,111427,0.000008974485537616556,0,0,0,1495,0,0,0,10516,0,0,0,5990,0,0,0,684,0,0,0,3573,0,0,0,237,0,0,0,2644,0,0,0,2640,0,0,1,30555,0,0,0,53093,0,0
X,15564174,rs746153383,T,C,gnomAD Genomes,NA,PASS,p.Asn720Ser,p.Asn720Ser,c.2159A>G,missense_variant,,,2,111819,0.000017886047988266753,0,0,0,1503,0,0,0,10557,0,0,0,6113,0,0,0,685,0,0,0,3589,0,0,0,238,0,0,0,2649,0,0,0,2640,0,0,2,30687,0,0,0,53158,0,0
X,15564187,rs144869363,G,A,gnomAD Genomes,NA,PASS,p.Arg716Cys,p.Arg716Cys,c.2146C>T,missense_variant,,,3,111577,0.00002688726171164308,0,0,0,1496,0,0,0,10522,0,0,0,6033,0,0,0,686,0,0,0,3571,0,0,0,237,0,0,0,2660,0,0,0,2638,0,0,0,30630,0,0,3,53104,0,0
X,15564204,rs370187012,C,T,gnomAD Genomes,NA,PASS,p.Arg710His,p.Arg710His,c.2129G>A,missense_variant,,,4,111813,0.000035774015543809756,0,0,0,1510,0,0,1,10573,0,0,0,6088,0,0,0,687,0,0,0,3589,0,0,0,239,0,0,0,2654,0,0,0,2645,0,0,0,30666,0,0,3,53162,0,0
X,15564208,rs1052746182,T,G,gnomAD Genomes,NA,PASS,p.Ser709Arg,p.Ser709Arg,c.2125A>C,missense_variant,,,3,111752,0.00002684515713365309,0,0,1,1498,0,0,1,10550,0,0,0,6089,0,0,0,685,0,0,0,3590,0,0,0,238,0,0,0,2652,0,0,0,2643,0,0,1,30652,0,0,0,53155,0,0
X,15566269,rs1392981937,C,T,gnomAD Genomes,NA,PASS,p.Val700Ile,p.Val700Ile,c.2098G>A,missense_variant,,,1,111802,0.000008944383821398544,0,0,0,1505,0,0,0,10526,0,0,0,6066,0,0,0,685,0,0,0,3577,0,0,0,239,0,0,0,2683,0,0,0,2649,0,0,0,30717,0,0,1,53155,0,0
X,15566281,rs755445931,G,T,gnomAD Genomes,NA,PASS,p.Pro696Thr,p.Pro696Thr,c.2086C>A,missense_variant,,,2,111702,0.000017904782367370325,0,0,0,1496,0,0,0,10516,0,0,0,6064,0,0,0,683,0,0,0,3567,0,0,0,238,0,0,0,2682,0,0,0,2642,0,0,2,30696,0,0,0,53118,0,0
X,15566290,rs1462355609,C,G,gnomAD Genomes,NA,PASS,p.Asp693His,p.Asp693His,c.2077G>C,missense_variant,,,1,111685,0.000008953753861306352,0,0,0,1495,0,0,0,10508,0,0,0,6068,0,0,0,682,0,0,0,3556,0,0,0,240,0,0,0,2673,0,0,0,2652,0,0,0,30668,0,0,1,53143,0,0
X,15566302,rs777410473,T,C,gnomAD Genomes,NA,PASS,p.Lys689Glu,p.Lys689Glu,c.2065A>G,missense_variant,,,2,111838,0.00001788300935281389,0,0,0,1509,0,0,1,10534,0,0,0,6106,0,0,0,682,0,0,0,3569,0,0,0,240,0,0,1,2674,0,0,0,2650,0,0,0,30685,0,0,0,53189,0,0
X,15566349,,G,C,gnomAD Genomes,NA,PASS,p.Ala673Gly,p.Ala673Gly,c.2018C>G,missense_variant,,,1,111182,0.000008994261661060243,0,0,1,1504,0,0,0,10428,0,0,0,5989,0,0,0,679,0,0,0,3548,0,0,0,240,0,0,0,2623,0,0,0,2642,0,0,0,30477,0,0,0,53052,0,0
X,15566353,rs763939235,C,G,gnomAD Genomes,NA,PASS,p.Val672Leu,p.Val672Leu,c.2014G>C,missense_variant,,,2,111269,0.000017974458294763143,0,0,0,1499,0,0,0,10426,0,0,0,6004,0,0,0,685,0,0,0,3552,0,0,0,240,0,0,0,2626,0,0,0,2648,0,0,2,30507,0,0,0,53082,0,0
X,15566355,,C,G,gnomAD Genomes,NA,PASS,p.Arg671Pro,p.Arg671Pro,c.2012G>C,missense_variant,,,1,111137,0.000008997903488487183,0,0,0,1501,0,0,0,10412,0,0,0,5975,0,0,0,683,0,0,0,3535,0,0,0,239,0,0,0,2617,0,0,0,2651,0,0,0,30481,0,0,1,53043,0,0
X,15566355,,C,T,gnomAD Genomes,NA,PASS,p.Arg671Gln,p.Arg671Gln,c.2012G>A,missense_variant,,,3,111137,0.000026993710465461548,0,0,0,1501,0,0,0,10412,0,0,0,5975,0,0,0,683,0,0,0,3535,0,0,0,239,0,0,0,2617,0,0,0,2651,0,0,1,30481,0,0,2,53043,0,0
X,15566358,rs1250368104,A,G,gnomAD Genomes,NA,PASS,p.Val670Ala,p.Val670Ala,c.2009T>C,missense_variant,,,1,111353,0.00000898044956130504,0,0,0,1503,0,0,0,10427,0,0,0,6037,0,0,0,685,0,0,0,3555,0,0,0,240,0,0,0,2629,0,0,0,2655,0,0,0,30557,0,0,1,53065,0,0
X,15566365,rs200180615,C,T,gnomAD Genomes,NA,PASS,p.Glu668Lys,p.Glu668Lys,c.2002G>A,missense_variant,,,2,111229,0.000017980922241501768,0,0,0,1501,0,0,0,10433,0,0,0,6011,0,0,0,683,0,0,1,3543,0,0,0,238,0,0,1,2629,0,0,0,2651,0,0,0,30505,0,0,0,53035,0,0
X,15566367,rs1192635576,T,A,gnomAD Genomes,NA,PASS,p.Glu667Val,p.Glu667Val,c.2000A>T,missense_variant,,,1,110887,0.00000901818968860191,0,0,0,1496,0,0,0,10404,0,0,0,5937,0,0,0,682,0,0,0,3519,0,0,0,238,0,0,0,2619,0,0,0,2648,0,0,1,30381,0,0,0,52963,0,0
X,15567756,rs199951323,A,C,gnomAD Genomes,NA,PASS,p.Leu656Ter,p.Leu656Ter,c.1967T>G,stop_gained,,,1,112214,0.000008911544014115885,0,0,0,1511,0,0,0,10571,0,0,0,6110,0,0,0,686,0,0,1,3595,0,0,0,238,0,0,0,2727,0,0,0,2655,0,0,0,30892,0,0,0,53229,0,0
X,15567762,rs1479485636,T,G,gnomAD Genomes,NA,PASS,p.Tyr654Ser,p.Tyr654Ser,c.1961A>C,missense_variant,,,1,112261,0.000008907813042819857,0,0,0,1516,0,0,0,10574,0,0,0,6106,0,0,0,686,0,0,0,3596,0,0,0,239,0,0,0,2743,0,0,0,2655,0,0,0,30913,0,0,1,53233,0,0
X,15570303,rs140312271,C,G,gnomAD Genomes,NA,PASS,p.Asp630His,p.Asp630His,c.1888G>C,missense_variant,,,1,112549,0.0000088850189695155,0,0,0,1518,0,0,0,10611,0,0,0,6199,0,0,0,688,0,0,0,3601,0,0,0,239,0,0,0,2746,0,0,0,2654,0,0,0,31002,0,0,1,53291,0,0
X,15570351,,C,T,gnomAD Genomes,NA,PASS,p.Ala614Thr,p.Ala614Thr,c.1840G>A,missense_variant,,,2,112709,0.000017744811860632248,0,0,0,1520,0,0,2,10636,0,0,0,6218,0,0,0,687,0,0,0,3609,0,0,0,239,0,0,0,2744,0,0,0,2653,0,0,0,31031,0,0,0,53372,0,0
X,15571642,rs1402111758,T,C,gnomAD Genomes,NA,PASS,p.Ser607Gly,p.Ser607Gly,c.1819A>G,missense_variant,,,1,112208,0.000008912020533295308,0,0,0,1502,0,0,0,10634,0,0,0,6144,0,0,0,686,0,0,1,3583,0,0,0,240,0,0,0,2712,0,0,0,2640,0,0,0,30865,0,0,0,53202,0,0
X,15571705,rs768685219,T,A,gnomAD Genomes,NA,PASS,p.Asn586Tyr,p.Asn586Tyr,c.1756A>T,missense_variant,,,1,111794,0.000008945023883213768,0,0,0,1497,0,0,0,10569,0,0,1,6090,0,0,0,686,0,0,0,3556,0,0,0,238,0,0,0,2669,0,0,0,2639,0,0,0,30738,0,0,0,53112,0,0
X,15571715,,C,A,gnomAD Genomes,NA,PASS,p.Arg582Ser,p.Arg582Ser,c.1746G>T,missense_variant,,,4,111514,0.00003586993561346557,0,0,0,1496,0,0,0,10519,0,0,0,6014,0,0,0,682,0,0,0,3555,0,0,0,239,0,0,0,2652,0,0,0,2642,0,0,4,30635,0,0,0,53080,0,0
X,15571716,rs150172355,C,T,gnomAD Genomes,NA,PASS,p.Arg582Lys,p.Arg582Lys,c.1745G>A,missense_variant,,,2,111613,0.000017919059607751785,0,0,0,1502,0,0,0,10536,0,0,0,6032,0,0,0,683,0,0,0,3550,0,0,0,238,0,0,0,2659,0,0,0,2640,0,0,0,30688,0,0,2,53085,0,0
X,15571752,rs1305384714,A,G,gnomAD Genomes,NA,PASS,p.Leu570Ser,p.Leu570Ser,c.1709T>C,missense_variant,,,1,111328,0.00000898246622592699,0,0,0,1480,0,0,0,10463,0,0,0,6016,0,0,0,688,0,0,0,3565,0,0,0,238,0,0,0,2626,0,0,0,2629,0,0,0,30595,0,0,1,53028,0,0
X,15571773,rs375352455,G,A,gnomAD Genomes,NA,PASS,p.Ser563Leu,p.Ser563Leu,c.1688C>T,missense_variant,,,1,111568,0.000008963143553707157,0,0,0,1490,0,0,0,10473,0,0,0,6057,0,0,0,683,0,0,0,3569,0,0,0,239,0,0,0,2642,0,0,0,2645,0,0,1,30683,0,0,0,53087,0,0
X,15572228,rs756905974,T,C,gnomAD Genomes,NA,PASS,p.Asn546Ser,p.Asn546Ser,c.1637A>G,missense_variant,,,1,112030,0.000008926180487369454,0,0,0,1504,0,0,0,10555,0,0,0,6118,0,0,0,684,0,0,0,3593,0,0,0,238,0,0,1,2676,0,0,0,2645,0,0,0,30792,0,0,0,53225,0,0
X,15572229,rs761944150,T,C,gnomAD Genomes,NA,PASS,p.Asn546Asp,p.Asn546Asp,c.1636A>G,missense_variant,,,15,112256,0.00013362314709236032,0,0,0,1508,0,0,0,10599,0,0,0,6161,0,0,0,684,0,0,0,3593,0,0,0,238,0,0,0,2693,0,0,0,2652,0,0,15,30867,0,0,0,53261,0,0
X,15572243,rs889263894,T,A,gnomAD Genomes,NA,PASS,p.Lys541Ile,p.Lys541Ile,c.1622A>T,missense_variant,,,2,112259,0.000017815943487827258,0,0,0,1505,0,0,0,10596,0,0,0,6157,0,0,0,685,0,0,0,3579,0,0,0,239,0,0,0,2688,0,0,0,2650,0,0,2,30882,0,0,0,53278,0,0
X,15572296,rs1019324840,G,C,gnomAD Genomes,NA,PASS,p.Phe523Leu,p.Phe523Leu,c.1569C>G,missense_variant,,,1,111886,0.000008937668698496684,0,0,0,1501,0,0,0,10514,0,0,0,6063,0,0,0,687,0,0,0,3571,0,0,0,238,0,0,0,2680,0,0,0,2649,0,0,1,30778,0,0,0,53205,0,0
X,15573366,,C,A,gnomAD Genomes,NA,PASS,c.1541+1G>T,,c.1541+1G>T,splice_donor_variant,,,1,110534,0.000009046990066404907,0,0,0,1495,0,0,0,10227,0,0,1,5727,0,0,0,681,0,0,0,3550,0,0,0,239,0,0,0,2612,0,0,0,2641,0,0,0,30359,0,0,0,53003,0,0
X,15573377,,A,G,gnomAD Genomes,NA,PASS,p.Ser511Pro,p.Ser511Pro,c.1531T>C,missense_variant,,,1,110715,0.000009032199792259404,0,0,0,1500,0,0,0,10230,0,0,0,5770,0,0,0,681,0,0,1,3555,0,0,0,239,0,0,0,2620,0,0,0,2638,0,0,0,30455,0,0,0,53027,0,0
X,15573380,rs779199005,A,G,gnomAD Genomes,NA,PASS,p.Tyr510His,p.Tyr510His,c.1528T>C,missense_variant,,,1,110635,0.000009038730962172911,0,0,0,1500,0,0,1,10231,0,0,0,5751,0,0,0,681,0,0,0,3553,0,0,0,240,0,0,0,2612,0,0,0,2634,0,0,0,30413,0,0,0,53020,0,0
X,15573396,rs1285805675,G,T,gnomAD Genomes,NA,PASS,p.Phe504Leu,p.Phe504Leu,c.1512C>A,missense_variant,,,1,110128,0.000009080342873746913,0,0,0,1484,0,0,0,10191,0,0,0,5675,0,0,0,676,0,0,0,3516,0,0,0,239,0,0,0,2585,0,0,0,2639,0,0,0,30232,0,0,1,52891,0,0
X,15573407,rs140473595,C,T,gnomAD Genomes,NA,PASS,p.Ala501Thr,p.Ala501Thr,c.1501G>A,missense_variant,,,4,110120,0.000036324010170722845,0,0,0,1488,0,0,0,10198,0,0,0,5655,0,0,0,682,0,0,1,3518,0,0,0,239,0,0,0,2586,0,0,0,2638,0,0,0,30248,0,0,3,52868,0,0
X,15573427,rs765152220,T,A,gnomAD Genomes,NA,PASS,p.Asp494Val,p.Asp494Val,c.1481A>T,missense_variant,,,1,110426,0.000009055838298951334,0,0,0,1494,0,0,0,10201,0,0,0,5721,0,0,0,685,0,0,0,3546,0,0,0,239,0,0,0,2597,0,0,0,2639,0,0,0,30351,0,0,1,52953,0,0
X,15573434,rs1221577570,G,A,gnomAD Genomes,NA,PASS,p.Pro492Ser,p.Pro492Ser,c.1474C>T,missense_variant,,,1,110131,0.000009080095522604898,0,0,0,1488,0,0,0,10184,0,0,0,5644,0,0,0,681,0,0,0,3534,0,0,0,237,0,0,0,2608,0,0,0,2638,0,0,0,30244,0,0,1,52873,0,0
X,15573445,rs200973492,A,G,gnomAD Genomes,NA,PASS,p.Val488Ala,p.Val488Ala,c.1463T>C,missense_variant,,,1,110261,0.000009069389902141283,0,0,0,1488,0,0,0,10190,0,0,0,5651,0,0,0,681,0,0,0,3534,0,0,0,240,0,0,0,2618,0,0,0,2641,0,0,1,30264,0,0,0,52954,0,0
X,15573463,rs748359955,C,T,gnomAD Genomes,NA,PASS,p.Arg482Gln,p.Arg482Gln,c.1445G>A,missense_variant,,,1,109927,0.000009096946155175708,0,0,0,1484,0,0,0,10138,0,0,0,5569,0,0,0,682,0,0,0,3541,0,0,0,239,0,0,0,2582,0,0,0,2642,0,0,1,30196,0,0,0,52854,0,0
X,15575664,,A,T,gnomAD Genomes,NA,PASS,c.1442+2T>A,,c.1442+2T>A,splice_donor_variant,,,1,112342,0.00000890139039718004,0,0,0,1514,0,0,0,10606,0,0,1,6165,0,0,0,684,0,0,0,3588,0,0,0,238,0,0,0,2704,0,0,0,2652,0,0,0,30932,0,0,0,53259,0,0
X,15575670,rs1382719890,T,C,gnomAD Genomes,NA,PASS,p.Met480Val,p.Met480Val,c.1438A>G,missense_variant,,,1,112372,0.00000889901398924999,0,0,0,1517,0,0,0,10609,0,0,0,6167,0,0,0,682,0,0,0,3599,0,0,0,239,0,0,0,2695,0,0,0,2652,0,0,0,30932,0,0,1,53280,0,0
X,15575722,rs1463563888,C,T,gnomAD Genomes,NA,PASS,p.Met462Ile,p.Met462Ile,c.1386G>A,missense_variant,,,1,112042,0.000008925224469395405,0,0,0,1498,0,0,0,10595,0,0,0,6102,0,0,0,686,0,0,0,3582,0,0,0,239,0,0,0,2679,0,0,0,2653,0,0,0,30814,0,0,1,53194,0,0
X,15575770,rs1290769028,A,C,gnomAD Genomes,NA,PASS,p.Ile446Met,p.Ile446Met,c.1338T>G,missense_variant,,,1,112256,0.000008908209806157355,0,0,0,1513,0,0,0,10615,0,0,0,6112,0,0,0,686,0,0,0,3594,0,0,0,239,0,0,0,2716,0,0,0,2650,0,0,0,30890,0,0,1,53241,0,0
X,15575774,rs764772589,G,A,gnomAD Genomes,NA,PASS,p.Thr445Met,p.Thr445Met,c.1334C>T,missense_variant,,,1,112124,0.000008918697156719347,0,0,0,1516,0,0,0,10615,0,0,0,6048,0,0,0,686,0,0,0,3588,0,0,0,239,0,0,0,2708,0,0,0,2651,0,0,0,30863,0,0,1,53210,0,0
X,15575798,,T,C,gnomAD Genomes,NA,PASS,p.Asn437Ser,p.Asn437Ser,c.1310A>G,missense_variant,,,1,112072,0.000008922835320151331,0,0,0,1511,0,0,0,10610,0,0,0,6082,0,0,0,685,0,0,0,3601,0,0,0,240,0,0,1,2695,0,0,0,2648,0,0,0,30818,0,0,0,53182,0,0
X,15578107,rs1316056737,C,A,gnomAD Genomes,NA,PASS,p.Asp427Tyr,p.Asp427Tyr,c.1279G>T,missense_variant,,,5,111804,0.00004472111910128439,0,0,0,1507,0,0,0,10486,0,0,0,6080,0,0,0,685,0,0,0,3572,0,0,0,239,0,0,0,2666,0,0,0,2651,0,0,5,30747,0,0,0,53171,0,0
X,15578127,,G,C,gnomAD Genomes,NA,PASS,p.Ser420Cys,p.Ser420Cys,c.1259C>G,missense_variant,,,1,111872,0.000008938787185354691,0,0,0,1508,0,0,1,10534,0,0,0,6084,0,0,0,684,0,0,0,3565,0,0,0,240,0,0,0,2670,0,0,0,2650,0,0,0,30780,0,0,0,53157,0,0
X,15578128,rs1384237654,A,G,gnomAD Genomes,NA,PASS,p.Ser420Pro,p.Ser420Pro,c.1258T>C,missense_variant,,,1,112018,0.00000892713671017158,0,0,0,1512,0,0,0,10551,0,0,0,6120,0,0,0,686,0,0,0,3573,0,0,0,240,0,0,0,2686,0,0,0,2653,0,0,1,30822,0,0,0,53175,0,0
X,15578133,rs1466701781,A,G,gnomAD Genomes,NA,PASS,p.Leu418Ser,p.Leu418Ser,c.1253T>C,missense_variant,,,1,112122,0.00000891885624587503,0,0,0,1510,0,0,0,10559,0,0,0,6161,0,0,0,686,0,0,0,3578,0,0,0,239,0,0,0,2686,0,0,0,2653,0,0,0,30858,0,0,1,53192,0,0
X,15578158,,G,C,gnomAD Genomes,NA,PASS,p.Leu410Val,p.Leu410Val,c.1228C>G,missense_variant,,,1,111945,0.00000893295814909107,0,0,0,1506,0,0,0,10540,0,0,0,6105,0,0,0,686,0,0,0,3567,0,0,0,240,0,0,0,2686,0,0,0,2647,0,0,1,30778,0,0,0,53190,0,0
X,15578188,rs1214851578,A,G,gnomAD Genomes,NA,PASS,p.Phe400Leu,p.Phe400Leu,c.1198T>C,missense_variant,,,1,111723,0.000008950708448573705,0,0,0,1510,0,0,0,10488,0,0,0,6063,0,0,0,684,0,0,0,3575,0,0,0,239,0,0,0,2667,0,0,0,2647,0,0,0,30701,0,0,1,53149,0,0
X,15578197,rs1365935088,T,C,gnomAD Genomes,NA,PASS,p.Asn397Asp,p.Asn397Asp,c.1189A>G,missense_variant,,,1,111759,0.000008947825231077587,0,0,0,1511,0,0,0,10525,0,0,0,6048,0,0,0,685,0,0,0,3571,0,0,0,240,0,0,0,2672,0,0,0,2650,0,0,0,30691,0,0,1,53166,0,0
X,15578220,rs762890235,G,T,gnomAD Genomes,NA,PASS,p.Pro389His,p.Pro389His,c.1166C>A,missense_variant,,,1,111847,0.000008940785179754486,0,0,0,1508,0,0,1,10496,0,0,0,6080,0,0,0,686,0,0,0,3583,0,0,0,239,0,0,0,2693,0,0,0,2644,0,0,0,30726,0,0,0,53192,0,0
X,15578223,rs751572714,T,A,gnomAD Genomes,NA,PASS,p.Gln388Leu,p.Gln388Leu,c.1163A>T,missense_variant,,,2,111916,0.000017870545766467707,0,0,0,1505,0,0,2,10518,0,0,0,6100,0,0,0,687,0,0,0,3585,0,0,0,240,0,0,0,2688,0,0,0,2646,0,0,0,30748,0,0,0,53199,0,0
X,15578238,rs1396769231,A,G,gnomAD Genomes,NA,PASS,p.Met383Thr,p.Met383Thr,c.1148T>C,missense_variant,,,1,112000,0.00000892857142857143,0,0,0,1511,0,0,0,10537,0,0,0,6102,0,0,0,685,0,0,0,3580,0,0,0,239,0,0,0,2687,0,0,0,2645,0,0,1,30798,0,0,0,53216,0,0
X,15578256,,C,A,gnomAD Genomes,NA,PASS,p.Gly377Val,p.Gly377Val,c.1130G>T,missense_variant,,,1,111665,0.00000895535754264989,0,0,0,1504,0,0,0,10535,0,0,0,6020,0,0,0,683,0,0,0,3551,0,0,0,240,0,0,0,2676,0,0,0,2649,0,0,1,30685,0,0,0,53122,0,0
X,15578259,rs754076967,A,G,gnomAD Genomes,NA,PASS,p.Met376Thr,p.Met376Thr,c.1127T>C,missense_variant,,,1,112040,0.000008925383791503035,0,0,0,1510,0,0,0,10571,0,0,0,6105,0,0,0,684,0,0,0,3570,0,0,0,239,0,0,0,2695,0,0,0,2648,0,0,1,30817,0,0,0,53201,0,0
X,15578261,rs1395782023,C,A,gnomAD Genomes,NA,PASS,p.Glu375Asp,p.Glu375Asp,c.1125G>T,missense_variant,,,1,112012,0.000008927614898403743,0,0,0,1512,0,0,1,10565,0,0,0,6065,0,0,0,682,0,0,0,3573,0,0,0,240,0,0,0,2699,0,0,0,2650,0,0,0,30809,0,0,0,53217,0,0
X,15581278,rs916715573,T,C,gnomAD Genomes,NA,PASS,p.Asn338Ser,p.Asn338Ser,c.1013A>G,missense_variant,,,2,111655,0.0000179123191975281,0,0,0,1509,0,0,2,10490,0,0,0,6062,0,0,0,688,0,0,0,3581,0,0,0,239,0,0,0,2624,0,0,0,2639,0,0,0,30710,0,0,0,53113,0,0
X,15581290,rs1471486893,G,A,gnomAD Genomes,NA,PASS,p.Thr334Met,p.Thr334Met,c.1001C>T,missense_variant,,,1,111475,0.000008970621215519174,0,0,0,1509,0,0,0,10487,0,0,0,5993,0,0,0,685,0,0,0,3574,0,0,0,239,0,0,0,2612,0,0,0,2640,0,0,1,30643,0,0,0,53093,0,0
X,15581384,rs749750821,C,T,gnomAD Genomes,NA,PASS,p.Asp303Asn,p.Asp303Asn,c.907G>A,missense_variant,,,1,111993,0.000008929129499165127,0,0,0,1507,0,0,0,10564,0,0,0,6130,0,0,0,686,0,0,0,3596,0,0,0,240,0,0,1,2664,0,0,0,2657,0,0,0,30762,0,0,0,53187,0,0
X,15585479,,T,C,gnomAD Genomes,NA,PASS,p.Asp299Gly,p.Asp299Gly,c.896A>G,missense_variant,,,1,112727,0.000008870989204006139,0,0,0,1519,0,0,0,10679,0,0,0,6186,0,0,0,689,0,0,0,3624,0,0,0,238,0,0,0,2750,0,0,0,2653,0,0,1,31048,0,0,0,53341,0,0
X,15585482,rs1362308420,A,G,gnomAD Genomes,NA,PASS,p.Val298Ala,p.Val298Ala,c.893T>C,missense_variant,,,1,112744,0.000008869651600085149,0,0,0,1517,0,0,0,10685,0,0,0,6194,0,0,0,689,0,0,0,3634,0,0,0,238,0,0,0,2735,0,0,0,2656,0,0,0,31069,0,0,1,53327,0,0
X,15585486,,T,A,gnomAD Genomes,NA,PASS,p.Met297Leu,p.Met297Leu,c.889A>T,missense_variant,,,2,112709,0.000017744811860632248,0,0,0,1514,0,0,0,10676,0,0,0,6180,0,0,0,687,0,0,0,3628,0,0,0,239,0,0,0,2739,0,0,0,2650,0,0,2,31079,0,0,0,53317,0,0
X,15585500,,T,A,gnomAD Genomes,NA,PASS,p.Asp292Val,p.Asp292Val,c.875A>T,missense_variant,,,1,112741,0.000008869887618523874,0,0,0,1520,0,0,1,10659,0,0,0,6179,0,0,0,689,0,0,0,3639,0,0,0,239,0,0,0,2743,0,0,0,2656,0,0,0,31085,0,0,0,53332,0,0
X,15585503,rs756358940,A,T,gnomAD Genomes,NA,PASS,p.Ile291Lys,p.Ile291Lys,c.872T>A,missense_variant,,,1,112570,0.000008883361463977969,0,0,0,1518,0,0,0,10638,0,0,0,6149,0,0,0,689,0,0,0,3629,0,0,0,239,0,0,0,2728,0,0,0,2647,0,0,0,31033,0,0,1,53300,0,0
X,15585512,,T,G,gnomAD Genomes,NA,PASS,p.Lys288Thr,p.Lys288Thr,c.863A>C,missense_variant,,,1,112632,0.000008878471482349599,0,0,0,1516,0,0,0,10630,0,0,0,6173,0,0,0,687,0,0,0,3646,0,0,0,240,0,0,0,2728,0,0,0,2647,0,0,0,31035,0,0,1,53330,0,0
X,15585528,rs1203006090,C,A,gnomAD Genomes,NA,PASS,p.Val283Phe,p.Val283Phe,c.847G>T,missense_variant,,,1,112479,0.00000889054845793437,0,0,0,1515,0,0,0,10642,0,0,0,6140,0,0,0,688,0,0,0,3634,0,0,0,238,0,0,0,2730,0,0,0,2647,0,0,1,30936,0,0,0,53309,0,0
X,15587800,rs771769548,T,C,gnomAD Genomes,NA,PASS,p.Tyr252Cys,p.Tyr252Cys,c.755A>G,missense_variant,,,3,111816,0.000026829791800815625,0,0,0,1511,0,0,0,10536,0,0,0,6027,0,0,0,684,0,0,0,3590,0,0,0,239,0,0,0,2715,0,0,0,2641,0,0,0,30735,0,0,3,53138,0,0
X,15587851,rs1172580854,G,C,gnomAD Genomes,NA,PASS,p.Pro235Arg,p.Pro235Arg,c.704C>G,missense_variant,,,1,111601,0.000008960493185544933,0,0,0,1508,0,0,0,10484,0,0,0,5979,0,0,0,686,0,0,0,3575,0,0,0,238,0,0,0,2710,0,0,0,2648,0,0,0,30722,0,0,1,53051,0,0
X,15589366,,T,C,gnomAD Genomes,NA,PASS,p.Asp225Gly,p.Asp225Gly,c.674A>G,missense_variant,,,1,111059,0.00000900422298057789,0,0,0,1508,0,0,0,10415,0,0,0,5924,0,0,0,686,0,0,0,3557,0,0,0,238,0,0,0,2604,0,0,0,2642,0,0,0,30505,0,0,1,52980,0,0
X,15589382,rs774621083,C,T,gnomAD Genomes,NA,PASS,p.Gly220Ser,p.Gly220Ser,c.658G>A,missense_variant,,,1,110521,0.000009048054215940862,0,0,0,1491,0,0,0,10346,0,0,0,5810,0,0,0,685,0,0,0,3529,0,0,0,234,0,0,0,2604,0,0,0,2639,0,0,1,30330,0,0,0,52853,0,0
X,15589390,rs1300152093,T,C,gnomAD Genomes,NA,PASS,p.Tyr217Cys,p.Tyr217Cys,c.650A>G,missense_variant,,,1,110702,0.00000903326046503225,0,0,0,1498,0,0,0,10346,0,0,0,5825,0,0,0,689,0,0,0,3550,0,0,0,236,0,0,0,2601,0,0,0,2639,0,0,0,30399,0,0,1,52919,0,0
X,15589392,rs753164828,G,T,gnomAD Genomes,NA,PASS,p.Asp216Glu,p.Asp216Glu,c.648C>A,missense_variant,,,1,110254,0.000009069965715529595,0,0,0,1497,0,0,0,10284,0,0,0,5685,0,0,0,689,0,0,0,3534,0,0,0,235,0,0,0,2598,0,0,0,2636,0,0,0,30267,0,0,1,52829,0,0
X,15589429,rs779790336,C,G,gnomAD Genomes,NA,PASS,p.Arg204Thr,p.Arg204Thr,c.611G>C,missense_variant,,,1,110676,0.000009035382558097509,0,0,0,1500,0,0,0,10371,0,0,0,5770,0,0,0,687,0,0,0,3569,0,0,0,237,0,0,1,2592,0,0,0,2642,0,0,0,30421,0,0,0,52887,0,0
X,15591713,,G,A,gnomAD Genomes,NA,PASS,p.His195Tyr,p.His195Tyr,c.583C>T,missense_variant,,,1,111441,0.000008973358099801689,0,0,0,1507,0,0,0,10465,0,0,0,6000,0,0,0,680,0,0,0,3566,0,0,0,235,0,0,0,2625,0,0,0,2632,0,0,0,30686,0,0,1,53045,0,0
X,15591725,rs765733397,C,G,gnomAD Genomes,NA,PASS,p.Ala191Pro,p.Ala191Pro,c.571G>C,missense_variant,,,1,111387,0.000008977708350166536,0,0,0,1503,0,0,0,10432,0,0,0,5993,0,0,0,683,0,0,0,3547,0,0,0,238,0,0,0,2629,0,0,0,2630,0,0,0,30676,0,0,1,53056,0,0
X,15591745,,A,G,gnomAD Genomes,NA,PASS,p.Val184Ala,p.Val184Ala,c.551T>C,missense_variant,,,2,111504,0.000017936576266322285,0,0,0,1500,0,0,0,10459,0,0,0,6025,0,0,0,686,0,0,2,3548,0,0,0,238,0,0,0,2643,0,0,0,2642,0,0,0,30713,0,0,0,53050,0,0
X,15591783,rs1341206593,C,G,gnomAD Genomes,NA,PASS,p.Glu171Asp,p.Glu171Asp,c.513G>C,missense_variant,,,1,111716,0.00000895126928998532,0,0,0,1500,0,0,0,10482,0,0,0,6062,0,0,0,683,0,0,0,3557,0,0,0,239,0,0,0,2645,0,0,0,2642,0,0,0,30755,0,0,1,53151,0,0
X,15591834,rs1435872603,G,C,gnomAD Genomes,NA,PASS,p.Asn154Lys,p.Asn154Lys,c.462C>G,missense_variant,,,1,111965,0.000008931362479346224,0,0,0,1515,0,0,0,10508,0,0,0,6080,0,0,0,689,0,0,0,3591,0,0,0,237,0,0,0,2697,0,0,0,2654,0,0,0,30784,0,0,1,53210,0,0
X,15592246,rs1391451327,C,T,gnomAD Genomes,NA,PASS,p.Cys141Tyr,p.Cys141Tyr,c.422G>A,missense_variant,,,2,112168,0.00001783039726125098,0,0,0,1518,0,0,0,10562,0,0,0,6093,0,0,0,686,0,0,0,3602,0,0,0,239,0,0,0,2749,0,0,0,2647,0,0,2,30904,0,0,0,53168,0,0
X,15592255,,G,A,gnomAD Genomes,NA,PASS,p.Pro138Leu,p.Pro138Leu,c.413C>T,missense_variant,,,1,112021,0.000008926897635264816,0,0,0,1512,0,0,0,10521,0,0,0,6090,0,0,0,687,0,0,0,3605,0,0,0,234,0,0,0,2737,0,0,0,2642,0,0,0,30839,0,0,1,53154,0,0
X,15594933,rs746808776,T,C,gnomAD Genomes,NA,PASS,p.Gln86Arg,p.Gln86Arg,c.257A>G,missense_variant,,,1,112130,0.000008918219923303308,0,0,0,1520,0,0,0,10555,0,0,0,6148,0,0,0,685,0,0,0,3606,0,0,0,237,0,0,0,2695,0,0,0,2646,0,0,0,30783,0,0,1,53255,0,0
X,15594998,rs1199100713,A,T,gnomAD Genomes,NA,PASS,p.Asn64Lys,p.Asn64Lys,c.192T>A,missense_variant,,,3,112313,0.00002671106639480737,0,0,0,1524,0,0,0,10574,0,0,0,6173,0,0,0,687,0,0,0,3616,0,0,0,240,0,0,0,2713,0,0,0,2649,0,0,0,30870,0,0,3,53267,0,0
X,15600740,,T,G,gnomAD Genomes,NA,PASS,p.Asn58His,p.Asn58His,c.172A>C,missense_variant,,,1,112077,0.000008922437252960019,0,0,0,1511,0,0,0,10558,0,0,0,6111,0,0,0,683,0,0,0,3607,0,0,0,239,0,0,0,2665,0,0,0,2655,0,0,0,30827,0,0,1,53221,0,0
X,15600740,,T,C,gnomAD Genomes,NA,PASS,p.Asn58Asp,p.Asn58Asp,c.172A>G,missense_variant,,,1,112077,0.000008922437252960019,0,0,0,1511,0,0,0,10558,0,0,0,6111,0,0,0,683,0,0,1,3607,0,0,0,239,0,0,0,2665,0,0,0,2655,0,0,0,30827,0,0,0,53221,0,0
X,15600773,,A,G,gnomAD Genomes,NA,PASS,p.Ser47Pro,p.Ser47Pro,c.139T>C,missense_variant,,,1,112237,0.000008909717829236348,0,0,0,1503,0,0,0,10588,0,0,0,6125,0,0,0,683,0,0,0,3614,0,0,0,237,0,0,0,2687,0,0,0,2649,0,0,1,30876,0,0,0,53275,0,0
X,15600792,,G,C,gnomAD Genomes,NA,PASS,p.Phe40Leu,p.Phe40Leu,c.120C>G,missense_variant,,,3,112113,0.000026758716651949373,0,0,0,1505,0,0,0,10550,0,0,0,6084,0,0,0,685,0,0,0,3601,0,0,0,237,0,0,0,2705,0,0,0,2654,0,0,3,30831,0,0,0,53261,0,0
X,15600845,rs756231991,C,T,gnomAD Genomes,NA,PASS,p.Glu23Lys,p.Glu23Lys,c.67G>A,missense_variant,,,1,111630,0.000008958165367732689,0,0,0,1496,0,0,0,10532,0,0,0,6031,0,0,0,684,0,0,0,3583,0,0,0,237,0,0,0,2639,0,0,0,2650,0,0,0,30642,0,0,1,53136,0,0
X,15600863,rs1238916402,C,A,gnomAD Genomes,NA,PASS,p.Ala17Ser,p.Ala17Ser,c.49G>T,missense_variant,,,1,111550,0.000008964589870013446,0,0,0,1499,0,0,0,10519,0,0,0,5990,0,0,0,683,0,0,0,3584,0,0,0,236,0,0,0,2636,0,0,0,2651,0,0,1,30616,0,0,0,53136,0,0
X,15600904,rs1180242786,C,T,gnomAD Genomes,NA,PASS,p.Ser3Asn,p.Ser3Asn,c.8G>A,missense_variant,,,2,111805,0.00001788828764366531,0,0,0,1502,0,0,0,10524,0,0,0,6051,0,0,0,681,0,0,0,3593,0,0,0,239,0,0,2,2673,0,0,0,2649,0,0,0,30713,0,0,0,53180,0,0
