"date","expt","recombined_construct","pseudovirus_env","pseudovirus_inoc","live_singlets","pct_grn","pct_red","pct_grn_gvn_red","moi"
200605,"ACE2_muts","none","SARS1","400",267686,0.02615,1.567882,0.023827,0.000238298390806309
200605,"ACE2_muts","G698C","SARS1","400",254324,8.075919,45.587911,13.280893,0.142495945859
200605,"ACE2_muts","G734A","SARS1","400",275783,6.135621,52.41331,9.262731,0.0972020091855803
200605,"ACE2_muts","G735A","SARS1","400",234897,8.304491,49.765216,12.939596,0.138568009396875
200605,"ACE2_muts","G719B","SARS1","400",294179,7.297938,72.130234,9.520623,0.100048239703489
200605,"ACE2_muts","none","VSVG","16",230829,28.718662,1.646674,30.097343,0.358066526025822
200605,"ACE2_muts","G698C","VSVG","16",255075,38.193473,45.487406,40.978393,0.527266588785689
200605,"ACE2_muts","G734A","VSVG","16",257787,33.926847,52.173306,36.279889,0.450669958951527
200605,"ACE2_muts","G735A","VSVG","16",235114,34.165979,49.320755,36.498793,0.454111272396077
200605,"ACE2_muts","G719B","VSVG","16",245964,37.255452,74.429998,38.932982,0.493198269157612
200605,"Envelopes","G627B","none","1400",223249,0.081075,78.314796,0.086366,0.000864033169174174
200605,"Envelopes","G627B","SARS1","1400",156279,77.023145,70.946192,91.590454,2.47580269681354
200605,"Envelopes","G627B","SARS2-FLAG","1400",177201,15.530951,74.314479,19.167565,0.212791877742479
200605,"Envelopes","G627B","G720D","1400",189652,42.936009,75.016346,51.421944,0.721998279682427
200605,"Envelopes","G627B","G723C","1400",198647,41.812864,75.096025,50.394165,0.701061718047352
200605,"Envelopes","G627B","G730E","1400",195202,60.252969,74.261534,72.080574,1.27584746704451
200608,"ACE2_muts","none","SARS1","200",62723,0.153054,0,0,0
200608,"ACE2_muts","G698C","SARS1","200",65795,45.223801,48.176913,48.135529,0.656536196712857
200608,"ACE2_muts","G734A","SARS1","200",81764,40.994814,60.026417,44.201304,0.583419686049517
200608,"ACE2_muts","G735A","SARS1","200",88658,46.907216,53.01834,49.601106,0.685200955595996
200608,"ACE2_muts","G719B","SARS1","200",82186,36.155793,88.034458,37.945046,0.47714983868478
200608,"ACE2_muts","none","SARS2-FLAG","930",81224,0.156358,0.163745,43.609023,0.57286102255211
200608,"ACE2_muts","G698C","SARS2-FLAG","930",72402,35.173062,46.134085,43.440513,0.569877234455051
200608,"ACE2_muts","G734A","SARS2-FLAG","930",65991,20.654332,55.380279,26.238166,0.304328742623705
200608,"ACE2_muts","G735A","SARS2-FLAG","930",48203,26.363504,50.532125,34.382954,0.421334676231603
200608,"ACE2_muts","G719B","SARS2-FLAG","930",76528,25.739599,87.204683,27.694198,0.324265811080492
200608,"ACE2_muts","none","VSVG","2",82440,8.353954,0.212276,28.571429,0.336472242621213
200608,"ACE2_muts","G698C","VSVG","2",87211,4.687482,56.568552,4.984392,0.0511290131456107
200608,"ACE2_muts","G734A","VSVG","2",61295,3.917122,63.891019,4.190287,0.0428061178417467
200608,"ACE2_muts","G735A","VSVG","2",107811,3.870663,61.398188,3.950509,0.0403065961108363
200608,"ACE2_muts","G719B","VSVG","2",14947,5.579715,85.395063,5.656534,0.0582281693538108
200608,"SARS2_envelopes","G627B","SARS1","1400",203660,82.213493,68.47049,95.49578,3.10015545087291
200608,"SARS2_envelopes","G627B","SARS2-FLAG","1400",241072,36.477069,72.83799,44.466149,0.588177423238214
200608,"SARS2_envelopes","G627B","G740A","1400",212497,0.189179,72.263608,0.274815,0.00275193309681249
200608,"SARS2_envelopes","G627B","G741A","1400",240085,36.812795,70.553762,44.730768,0.592953815661934
200608,"SARS2_envelopes","G627B","G742B","1400",247067,51.26666,71.38509,60.742534,0.935028543288041
200608,"SARS2_envelopes","G627B","G720D","1400",222076,46.657,70.658693,55.875118,0.818146344959169
200611,"Envelopes","G627B","SARS1","1400",144210,82.8,69.2,95.9,3.19418321227783
200611,"Envelopes","G627B","SARS2","1400",153934,31,70.7,37.8,0.474815186242957
200611,"Envelopes","G627B","G730","1400",161784,65,71.7,76.1,1.43129172705063
200611,"Envelopes","G627B","G742","1400",167996,57.5,72.5,67,1.10866262452161
200611,"Envelopes","G627B","NL63","1400",156854,1.25,73.2,1.49,0.0150121201205036
200611,"Envelopes","G627B","WIV1","1400",161230,14.5,73.2,17.4,0.191160505461159
200615,"Envelopes","G627B","SARS1","1400",138852,67.9,72.6,76.4,1.44392347395653
200615,"Envelopes","G627B","SARS2","1400",60749,3.48,72.5,4.04,0.0412387480165975
200615,"Envelopes","G627B","G740","1400",259674,28.6,74.1,32.5,0.393042588109607
200615,"Envelopes","G627B","G740","1400",249571,14.7,74.3,16.5,0.180323554131282
200615,"Envelopes","G627B","G746","1400",269589,32.3,73,37,0.462035459596559
200615,"Envelopes","G627B","G746","1400",235280,33.9,70.9,39.4,0.500875292912822
200617,"Dilutions","G698C","SARS1","3.16e-06",169860,0,86.8,0,0
200617,"Dilutions","G698C","SARS1","1e-05",167819,0.00417,87.2,0.0041,4.10008405229321e-05
200617,"Dilutions","G698C","SARS1","3.16e-05",156737,0.00128,87.8,0.00145,1.45001051260446e-05
200617,"Dilutions","G698C","SARS1","1e-04",172967,0.00289,87.9,0.00329,3.29005412168731e-05
200617,"Dilutions","G698C","SARS1","0.000316228",196341,0.00764,87.1,0.00877,8.77038458698807e-05
200617,"Dilutions","G698C","SARS1","0.001",163012,0.044,88.4,0.049,0.000490120089230741
200617,"Dilutions","G698C","SARS1","0.003162278",149377,0.16,88.2,0.17,0.00170144663975757
200617,"Dilutions","G698C","SARS1","0.01",163579,0.6,87.9,0.63,0.00631992874481935
200617,"Dilutions","G698C","SARS1","0.031622777",165491,2.44,86.9,2.54,0.0257281485727312
200617,"Dilutions","G698C","SARS1","0.1",160364,22.9,86.8,24.1,0.275753501586507
200617,"Dilutions","G698C","SARS1","0.316227766",143947,63.4,84.1,66.1,1.08175517160169
200617,"Dilutions","G698C","SARS1","1",100600,71,65.7,77.4,1.48722027970985
200617,"Dilutions","G698C","SARS2","3.16e-06",171164,0.00526,88.8,0.00527,5.27013886938063e-05
200617,"Dilutions","G698C","SARS2","1e-05",165557,0.00362,89.5,0.0027,2.70003645065604e-05
200617,"Dilutions","G698C","SARS2","3.16e-05",163328,0,88.9,0,0
200617,"Dilutions","G698C","SARS2","1e-04",172529,0,89.3,0,0
200617,"Dilutions","G698C","SARS2","0.000316228",172191,0.00348,88.9,0.00392,3.92007683400964e-05
200617,"Dilutions","G698C","SARS2","0.001",158462,0.000631,88.6,0.000712,7.12002534734742e-06
200617,"Dilutions","G698C","SARS2","0.003162278",168384,0.00534,89.3,0.00532,5.32014151701671e-05
200617,"Dilutions","G698C","SARS2","0.01",162064,0.023,89,0.024,0.000240028804608848
200617,"Dilutions","G698C","SARS2","0.031622777",146467,0.06,88,0.061,0.000610186125694964
200617,"Dilutions","G698C","SARS2","0.1",139144,0.19,88.8,0.2,0.00200200267067308
200617,"Dilutions","G698C","SARS2","0.316227766",125762,0.82,85.4,0.87,0.0087380659432853
200617,"Dilutions","G698C","SARS2","1",96101,4.92,67,5.86,0.0603871500150951
200629,"Envelopes","G627B","SARS1","1400",179107,18.515189,66.966115,22.40685,0.253691035891102
200629,"Envelopes","G627B","SARS2","1400",162421,0.564582,65.771667,0.705814,0.00708316650001642
200629,"Envelopes","G627B","G764B","1400",117683,18.945812,69.390651,23.086908,0.262494076892759
200629,"Envelopes","G627B","WIV1","1400",142712,0.322327,68.53313,0.389551,0.00390311726161587
200629,"Envelopes","G627B","G746B","1400",125822,8.814039,67.229896,10.884265,0.115234267776554
200629,"Kozaks","None","None","0",129947,0.00154,0.037708,2.040816,0.0206192838694024
200629,"Kozaks","G758A","None","0",67196,0.00149,68.785344,0.00216,2.16002332833143e-05
200629,"Kozaks","G698C","None","0",57222,0.017476,34.977806,0.029978,0.000299824943006406
200629,"Kozaks","G734A","None","0",81199,0.00493,41.451249,0,0
200629,"Kozaks","G735A","None","0",51661,0.00581,33.985018,0.0057,5.70016245617074e-05
200629,"Kozaks","G755A","None","0",65716,0.00304,19.56449,0,0
200629,"Kozaks","G756A","None","0",66937,0.00896,8.490073,0,0
200629,"Kozaks","G757A","None","0",52150,0.019175,21.463087,0.026802,0.00026805592377924
200629,"Kozaks","None","SARS2","300",70425,0.019879,0.051118,2.777778,0.0281708792524106
200629,"Kozaks","G758A","SARS2","300",27155,0.025778,92.340269,0.011964,0.000119647157435659
200629,"Kozaks","G698C","SARS2","300",26280,0.715373,42.416286,1.067552,0.0107329121900784
200629,"Kozaks","G734A","SARS2","300",39264,0.440607,54.118276,0.597675,0.00599468225706046
200629,"Kozaks","G735A","SARS2","300",27746,0.828948,37.616233,1.360544,0.0136988421512653
200629,"Kozaks","G755A","SARS2","300",39759,0.083,43.559949,0.127028,0.0012710874895368
200629,"Kozaks","G756A","SARS2","300",23678,0.03801,17.569051,0.120192,0.00120264288513462
200629,"Kozaks","G757A","SARS2","300",29306,0.027298,36.76039,0.027847,0.00027850877997002
200629,"Kozaks","None","SARS1","100",10135,0.207203,0.542674,0,0
200629,"Kozaks","G758A","SARS1","100",48213,0.018667,72.29378,0.011476,0.000114766585432626
200629,"Kozaks","G698C","SARS1","100",55173,2.031791,37.297229,3.217028,0.0326991162702879
200629,"Kozaks","G734A","SARS1","100",68644,1.264495,42.407202,1.920302,0.019389792924017
200629,"Kozaks","G735A","SARS1","100",49798,2.634644,34.519459,4.333915,0.0443063390544369
200629,"Kozaks","G755A","SARS1","100",64144,1.124033,21.843041,2.462351,0.0249317389287955
200629,"Kozaks","G756A","SARS1","100",55432,0.472651,9.400707,1.573594,0.0158610642717497
200629,"Kozaks","G757A","SARS1","100",51115,0.361929,23.274968,0.815332,0.00818674009395636
200629,"Kozaks","None","VSVG","3",100814,1.161545,0.036701,2.702703,0.02739897724367
200629,"Kozaks","G758A","VSVG","3",51806,1.221866,67.941937,1.22166,0.0122918360380779
200629,"Kozaks","G698C","VSVG","3",66289,1.060508,35.772149,1.353688,0.0136293389116524
200629,"Kozaks","G734A","VSVG","3",66690,1.088619,42.946469,1.270905,0.0127905008201958
200629,"Kozaks","G735A","VSVG","3",39652,1.028952,32.936548,1.324655,0.0133350681189689
200629,"Kozaks","G755A","VSVG","3",76786,1.08874,21.477874,1.406743,0.0141673141419632
200629,"Kozaks","G756A","VSVG","3",54222,1.038324,9.625244,1.647825,0.0166155265017736
200629,"Kozaks","G757A","VSVG","3",55477,1.020243,19.31431,1.353243,0.0136248278560715
200702,"Envelopes","G627B","SARS1","1400",106359,0.895082,69.999718,1.051698,0.0105726742686643
200702,"Envelopes","G627B","SARS2","1400",124147,0.103104,70.204677,0.112441,0.00112504262318703
200702,"Envelopes","G627B","WIV1","1400",114743,0.054905,69.431686,0.05774,0.000577566759574359
200702,"Envelopes","G627B","G764B","1400",99904,0.855822,69.316544,1.00361,0.0100868011648175
200702,"Envelopes","G627B","G769B","1400",112364,0.097896,70.161262,0.10655,0.0010660680486648
200702,"Envelopes","G627B","G769C","1400",109713,0.093881,69.491309,0.118047,0.00118116730352839
200702,"Kozaks","G758A","SARS2","375",109952,0.083673,89.431752,0.024407,0.000244099789929808
200702,"Kozaks","G698C","SARS2","375",61185,1.278091,43.623437,1.513619,0.0152519113287814
200702,"Kozaks","G734A","SARS2","375",102100,0.928501,48.190989,1.022295,0.0102755632354861
200702,"Kozaks","G735A","SARS2","375",57199,1.421354,42.084652,1.603523,0.0161651854163492
200702,"Kozaks","G755A","SARS2","375",95285,0.146928,18.178097,0.184747,0.00184917867751169
200702,"Kozaks","G756A","SARS2","375",59627,0.109011,12.628507,0.053121,0.000531351142018302
200702,"Kozaks","G757A","SARS2","375",93548,0.076966,18.248386,0.08201,0.000820436465974732
200702,"Kozaks","G758A","SARS1","100",123211,0.037334,81.226514,0.029976,0.000299804937009219
200702,"Kozaks","G698C","SARS1","100",121594,4.140007,21.635936,7.830318,0.0815389381349388
200702,"Kozaks","G734A","SARS1","100",133167,2.531408,26.358632,4.242044,0.0433464699954218
200702,"Kozaks","G735A","SARS1","100",110085,5.156924,21.794068,9.907469,0.104332921591281
200702,"Kozaks","G755A","SARS1","100",129468,0.44876,12.286434,1.030993,0.0103634454732634
200702,"Kozaks","G756A","SARS1","100",117507,0.158288,4.978427,0.547009,0.00548510572558507
200702,"Kozaks","G757A","SARS1","100",137252,0.123131,12.728412,0.25186,0.00252177700851024
200702,"Kozaks","G758A","VSVG","5",136021,6.151256,70.455297,5.181877,0.0532096241118646
200702,"Kozaks","G698C","VSVG","5",152259,5.679139,20.385002,5.715574,0.0588541637526454
200702,"Kozaks","G734A","VSVG","5",164347,5.959342,22.20363,5.721959,0.0589218866680699
200702,"Kozaks","G735A","VSVG","5",147291,5.684665,21.686322,5.61643,0.0578031745946748
200702,"Kozaks","G755A","VSVG","5",143604,6.070862,11.609704,6.297985,0.0650504921723785
200702,"Kozaks","G756A","VSVG","5",132041,5.699745,3.639021,6.722164,0.0695876626258499
200702,"Kozaks","G757A","VSVG","5",144809,5.454081,9.991782,5.694934,0.0586352756283547
200706,"Kozaks","G758A","SARS2","200",85114,0.027023,80.422727,0.021913,0.000219154012486374
200706,"Kozaks","G698C","SARS2","200",89012,0.085382,6.926032,0.194647,0.00194836683455119
200706,"Kozaks","G734A","SARS2","200",92665,0.123024,10.95883,0.246184,0.00246487531074913
200706,"Kozaks","G735A","SARS2","200",88215,0.103157,5.33356,0.31881,0.00319319281796096
200706,"Kozaks","G755A","SARS2","200",101791,0.041261,4.55443,0.129422,0.00129505822601485
200706,"Kozaks","G756A","SARS2","200",75863,0.0145,1.489527,0.088496,0.000885351808274334
200706,"Kozaks","G757A","SARS2","200",89858,0.016693,3.820472,0.029129,0.000291332433172544
200706,"Kozaks","G758A","SARS1","100",90790,0.037449,76.636193,0.034494,0.000344999505486035
200706,"Kozaks","G698C","SARS1","100",105679,1.181881,6.678716,1.898555,0.0191680896577753
200706,"Kozaks","G734A","SARS1","100",113679,0.890226,11.40756,1.156693,0.0116343473132684
200706,"Kozaks","G735A","SARS1","100",101993,1.91974,5.626857,3.972818,0.0405388887651381
200706,"Kozaks","G755A","SARS1","100",87759,0.554929,5.065008,1.034871,0.0104026302251093
200706,"Kozaks","G756A","SARS1","100",90706,0.255771,1.427689,1.467181,0.0147805054875236
200706,"Kozaks","G757A","SARS1","100",92686,0.135943,3.688799,0.467973,0.00469071421861889
200706,"Kozaks","G758A","VSVG","5",83885,5.881862,77.702807,6.245685,0.064492495530099
200706,"Kozaks","G698C","VSVG","5",120316,5.996709,6.711493,6.662539,0.0689486474648479
200706,"Kozaks","G734A","VSVG","5",127854,5.813662,11.090775,6.593794,0.0682123975645463
200706,"Kozaks","G735A","VSVG","5",122598,5.907927,5.99031,7.12146,0.073877567929583
200706,"Kozaks","G755A","VSVG","5",92930,5.856021,4.831594,7.438753,0.0772996308511569
200706,"Kozaks","G756A","VSVG","5",95754,5.987217,1.520563,7.760989,0.0807870321142574
200706,"Kozaks","G757A","VSVG","5",105116,5.898246,3.269721,6.080884,0.0627362422183588
200706,"Envelopes","G627B","SARS1","1400",116608,69.632444,61.467481,79.958424,1.60736127014903
200706,"Envelopes","G627B","SARS2","1400",119845,1.87075,62.428971,2.258815,0.0228471702171223
200706,"Envelopes","G627B","WIV1","1400",115693,3.667465,62.765249,4.362735,0.0446076406282779
200706,"Envelopes","G627B","G764B","1400",89003,70.669528,60.604699,82.523174,1.74429441119552
200706,"Envelopes","G627B","G769B","1400",103299,25.644972,63.986099,30.42952,0.362829846550685
200706,"Envelopes","G627B","G769C","1400",105558,28.177874,63.126433,33.329331,0.405405074910193
200707,"Kozaks","G758A","SARS2","750",117675,0.056087,93.332484,0.03551,0.000355163062934593
200707,"Kozaks","G698C","SARS2","750",171088,0.156645,74.054288,0.156277,0.00156399239875456
200707,"Kozaks","G734A","SARS2","750",178028,0.124138,76.971038,0.115303,0.00115369525050881
200707,"Kozaks","G735A","SARS2","750",132342,0.163213,71.282737,0.156884,0.00157007191809633
200707,"Kozaks","G755A","SARS2","750",133134,0.096895,60.458636,0.090693,0.000907341509838314
200707,"Kozaks","G756A","SARS2","750",115323,0.066769,51.705211,0.035218,0.000352242029940466
200707,"Kozaks","G757A","SARS2","750",144487,0.071979,59.812301,0.052071,0.000520845616531996
200707,"Kozaks","G758A","SARS1","500",107817,0.073272,92.589295,0.060104,0.000601220696948543
200707,"Kozaks","G698C","SARS1","500",145800,8.814815,74.611111,9.903202,0.104285560296087
200707,"Kozaks","G734A","SARS1","500",133969,4.635401,80.443237,5.117427,0.0525301326409449
200707,"Kozaks","G735A","SARS1","500",129873,6.064386,73.668892,7.006982,0.0726457709219418
200707,"Kozaks","G755A","SARS1","500",102888,0.686183,61.496968,0.867669,0.00871455164293031
200707,"Kozaks","G756A","SARS1","500",97171,0.280948,55.354993,0.37926,0.00379981014327962
200707,"Kozaks","G757A","SARS1","500",96049,0.240502,63.306229,0.312474,0.00312963219391461
200707,"Kozaks","G758A","VSVG","6",113240,2.370187,93.167609,2.442585,0.0247291095063758
200707,"Kozaks","G698C","VSVG","6",147412,2.069031,79.928364,2.137086,0.0216025233376653
200707,"Kozaks","G734A","VSVG","6",152778,2.018615,84.628022,2.094468,0.0211671314086387
200707,"Kozaks","G735A","VSVG","6",155790,2.168945,74.097182,2.305173,0.0233215761405244
200707,"Kozaks","G755A","VSVG","6",110380,2.180649,63.152745,2.408619,0.024381005894781
200707,"Kozaks","G756A","VSVG","6",102960,2.276612,51.720085,2.589623,0.0262374409735213
200707,"Kozaks","G757A","VSVG","6",116888,2.292793,64.546403,2.543507,0.0257641332136039
200707,"Constructs","none","SARS2","800",127868,0.118873,0.007039,0,0
200707,"Constructs","G627B","SARS2","800",133553,0.7892,67.877172,0.978467,0.00983285445379056
200707,"Constructs","G698C","SARS2","800",136471,0.874178,40.717808,1.086957,0.0109290753673551
200707,"Constructs","G714C","SARS2","800",130325,0.646844,59.903319,0.773675,0.00776683391857534
200707,"Constructs","G719B","SARS2","800",127589,1.513453,83.89438,1.615284,0.0162847191973443
200707,"Constructs","none","SARS1","220",124990,0.060805,0.203216,1.181102,0.0118813242214141
200707,"Constructs","G627B","SARS1","220",130930,0.539219,70.834033,0.65234,0.00654477036276224
200707,"Constructs","G698C","SARS1","220",116993,0.926551,60.396776,0.99349,0.00998458043967844
200707,"Constructs","G714C","SARS1","220",126791,0.496881,60.442776,0.592411,0.00594172715139884
200707,"Constructs","G719B","SARS1","220",102422,1.6598,90.79397,1.738841,0.0175413640800265
200709,"Kozaks","G758A","SARS2","1000",80612,0.395723,91.598025,0.159807,0.00159934827589354
200709,"Kozaks","G698C","SARS2","1000",111946,0.606542,67.750523,0.619693,0.00621621066594123
200709,"Kozaks","G734A","SARS2","1000",102654,0.457849,72.443353,0.414168,0.00415028051187078
200709,"Kozaks","G735A","SARS2","1000",95922,0.608828,68.096995,0.610839,0.00612712253691471
200709,"Kozaks","G755A","SARS2","1000",90405,0.278746,57.306565,0.233555,0.00233828165100172
200709,"Kozaks","G756A","SARS2","1000",89877,0.25368,48.557473,0.190184,0.00190365079395066
200709,"Kozaks","G757A","SARS2","1000",84814,0.215766,54.547598,0.108075,0.00108133443140198
200709,"Kozaks","G758A","SARS1","300",68847,0.097317,91.778872,0.066469,0.000664911004336415
200709,"Kozaks","G698C","SARS1","300",97916,3.011765,71.050697,3.438264,0.0349876309014367
200709,"Kozaks","G734A","SARS1","300",84194,2.514431,72.176165,2.912717,0.0295597873420296
200709,"Kozaks","G735A","SARS1","300",94076,3.247374,68.161912,3.88778,0.0396537188867343
200709,"Kozaks","G755A","SARS1","300",95580,0.309688,58.694288,0.376114,0.0037682308724765
200709,"Kozaks","G756A","SARS1","300",81069,0.166525,51.437664,0.196643,0.00196836596184438
200709,"Kozaks","G757A","SARS1","300",115699,0.143476,59.694552,0.152028,0.00152143679822604
200709,"Kozaks","G758A","VSVG","5",98698,2.230035,92.707046,2.244809,0.0227038836732943
200709,"Kozaks","G698C","VSVG","5",134498,1.558387,78.111199,1.64195,0.0165557939687877
200709,"Kozaks","G734A","VSVG","5",133074,1.656973,79.406195,1.710057,0.0172484733262949
200709,"Kozaks","G735A","VSVG","5",147933,1.540562,77.743303,1.557283,0.0156953602772505
200709,"Kozaks","G755A","VSVG","5",109538,1.801201,61.515638,1.893653,0.0191181222232401
200709,"Kozaks","G756A","VSVG","5",101322,1.734076,50.154952,1.908772,0.0192722423751322
200709,"Kozaks","G757A","VSVG","5",111507,1.855489,60.705606,2.015039,0.0203561782772582
200709,"Dilutions","G627B","SARS1","3.16E-06",72185,0.022165,85.21715,0.009754,9.75447573351077e-05
200709,"Dilutions","G627B","SARS1","0.00001",73211,0.077857,85.051427,0.01606,0.000160612897560873
200709,"Dilutions","G627B","SARS1","3.16E-05",73140,0.028712,85.350014,0.017621,0.000176225526806072
200709,"Dilutions","G627B","SARS1","0.0001",52527,0.028557,8.302397,0.068792,0.000688156725534866
200709,"Dilutions","G627B","SARS1","0.000316228",75544,0.02118,85.012708,0.017128,0.000171294670094349
200709,"Dilutions","G627B","SARS1","0.001",77903,0.047495,85.15975,0.040698,0.000407062838836741
200709,"Dilutions","G627B","SARS1","0.003162278",73999,0.062163,84.86466,0.062103,0.000621222919006935
200709,"Dilutions","G627B","SARS1","0.01",72722,0.187014,85.148923,0.203482,0.0020368930588947
200709,"Dilutions","G627B","SARS1","0.031622777",70834,0.543524,84.892848,0.600336,0.00602145261296633
200709,"Dilutions","G627B","SARS1","0.1",73770,2.437305,84.082961,2.726188,0.0276403799908173
200709,"Dilutions","G627B","SARS1","0.316227766",82446,16.428935,82.5789,18.713923,0.207195438712618
200709,"Dilutions","G627B","SARS1","1",59690,69.696767,76.372927,79.233115,1.5718105352744
200710,"Kozaks","G758A","SARS2","1000",48793,0.092226,83.792757,0.066039,0.000660608153525564
200710,"Kozaks","G698C","SARS2","1000",78449,13.880355,19.851113,18.525653,0.204881976025029
200710,"Kozaks","G734A","SARS2","1000",70801,5.717433,24.122541,7.851748,0.0817714711243392
200710,"Kozaks","G735A","SARS2","1000",69790,11.961599,17.170082,16.949011,0.185715441510831
200710,"Kozaks","G755A","SARS2","1000",58882,0.424578,10.578785,0.561888,0.00563472528928931
200710,"Kozaks","G756A","SARS2","1000",60400,0.173841,4.874172,0.407609,0.00408441989815924
200710,"Kozaks","G757A","SARS2","1000",57195,0.075181,9.883731,0.088449,0.000884881392085341
200710,"Kozaks","G758A","SARS1","400",40574,0.125696,83.610194,0.120858,0.00120931092178587
200710,"Kozaks","G698C","SARS1","400",64354,49.898996,17.4892,56.712572,0.837307939558653
200710,"Kozaks","G734A","SARS1","400",70397,46.781823,19.88437,54.400629,0.785276263422536
200710,"Kozaks","G735A","SARS1","400",75970,51.288667,13.775174,60.401338,0.926374856177268
200710,"Kozaks","G755A","SARS1","400",51940,3.199846,9.202926,6.422594,0.0663812205324211
200710,"Kozaks","G756A","SARS1","400",58545,1.371594,4.432488,3.930636,0.0400997137611483
200710,"Kozaks","G757A","SARS1","400",61707,1.116567,9.128624,2.73389,0.0277195616819052
200710,"Kozaks","G758A","VSVG","5",65657,1.477375,70.414426,1.594134,0.0160697698855787
200710,"Kozaks","G698C","VSVG","5",111906,1.167051,20.153522,1.3302,0.0133912640796191
200710,"Kozaks","G734A","VSVG","5",99106,1.252195,24.045971,1.443498,0.0145401779041333
200710,"Kozaks","G735A","VSVG","5",94811,1.196064,18.372341,1.458178,0.014689139089893
200710,"Kozaks","G755A","VSVG","5",64310,1.284404,8.0283,1.64633,0.0166003261400352
200710,"Kozaks","G756A","VSVG","5",67092,1.325046,4.593692,1.719663,0.017346209362563
200710,"Kozaks","G757A","VSVG","5",74100,1.388664,7.928475,1.6,0.0161293819298836
200713,"Kozaks","G758A","SARS2","1000",33083,0.090681,75.875827,0.071707,0.000717327217661833
200713,"Kozaks","G698C","SARS2","1000",54801,2.801044,21.806171,3.866109,0.0394282682913588
200713,"Kozaks","G734A","SARS2","1000",53360,1.735382,27.678036,2.227639,0.0225282562502687
200713,"Kozaks","G735A","SARS2","1000",45189,2.325787,21.341477,3.245541,0.0329937672849156
200713,"Kozaks","G755A","SARS2","1000",40736,0.208661,10.155636,0.435098,0.00436047305956238
200713,"Kozaks","G756A","SARS2","1000",42217,0.262927,4.886657,0.678623,0.00680936116714954
200713,"Kozaks","G757A","SARS2","1000",38653,0.085375,10.462319,0.148368,0.00148478174306213
200713,"Kozaks","G758A","SARS1","450",27374,0.113246,73.650179,0.084321,0.000843565701520142
200713,"Kozaks","G698C","SARS1","450",54681,44.115872,22.055193,50.008292,0.693313034312919
200713,"Kozaks","G734A","SARS1","450",40942,38.530116,27.661082,44.538631,0.589483461647849
200713,"Kozaks","G735A","SARS1","450",45353,36.941327,21.475977,44.620123,0.59095388926616
200713,"Kozaks","G755A","SARS1","450",37050,0.491228,9.835358,1.097695,0.0110376412609434
200713,"Kozaks","G756A","SARS1","450",39445,0.22056,4.958803,0.408998,0.00409836684402766
200713,"Kozaks","G757A","SARS1","450",35856,0.198014,10.218652,0.409389,0.00410229290923128
200713,"Kozaks","G758A","VSVG","5",39120,1.54908,61.418712,1.664794,0.0167880744299206
200713,"Kozaks","G698C","VSVG","5",72415,0.932127,18.675689,1.19787,0.0120510227622013
200713,"Kozaks","G734A","VSVG","5",59718,0.998024,23.334673,0.932903,0.00937281794585386
200713,"Kozaks","G735A","VSVG","5",59590,1.173016,17.105219,1.216521,0.0122398118157138
200713,"Kozaks","G755A","VSVG","5",53237,1.130792,6.850499,1.179051,0.0118605692974328
200713,"Kozaks","G756A","VSVG","5",41739,1.358442,3.493136,1.303155,0.0131172056117429
200713,"Kozaks","G757A","VSVG","5",49656,1.323103,6.959884,1.533565,0.0154544573037341
200713,"Constructs","None","SARS2","1000",68400,0.048246,0.01462,0,0
200713,"Constructs","G627B","SARS2","1000",87283,0.341418,63.444199,0.455071,0.00456109600185182
200713,"Constructs","G698C","SARS2","1000",101200,0.363636,32.556324,0.473488,0.00474612505433703
200713,"Constructs","G714C","SARS2","1000",82175,0.40645,52.306663,0.500198,0.00501453177527294
200713,"Constructs","G719B","SARS2","1000",80913,0.438743,79.647275,0.479479,0.00480632188230798
200713,"Constructs","None","SARS1","250",50748,0.027587,0.390163,0,0
200713,"Constructs","G627B","SARS1","250",84677,1.496274,63.767021,1.976072,0.0199585738552122
200713,"Constructs","G698C","SARS1","250",81566,1.543535,43.016698,1.855388,0.0187281623404463
200713,"Constructs","G714C","SARS1","250",86380,1.3348,56.685575,1.605228,0.0161825134226372
200713,"Constructs","G719B","SARS1","250",82806,1.881506,80.073908,2.073719,0.0209552250818802
200713,"Constructs","None","VSVG","5",74948,3.006084,0.232161,0.574713,0.00576370830056516
200713,"Constructs","G627B","VSVG","5",121469,2.805654,71.081511,2.926733,0.0297041627058648
200713,"Constructs","G698C","VSVG","5",154668,2.110327,37.954845,2.388253,0.0241723412050031
200713,"Constructs","G714C","VSVG","5",112640,2.192827,65.265447,2.485207,0.0251660964161488
200713,"Constructs","G719B","VSVG","5",162029,1.939159,91.890958,2.008194,0.020286323058116
200713,"Envelopes","G698C","SARS1","1400",127421,63.553103,50.818939,81.624301,1.6941411007964
200713,"Envelopes","G698C","G740D","1400",115872,26.852044,43.6473,42.463668,0.552753576855251
200713,"Envelopes","G698C","G764B","1400",120562,54.435062,47.542343,75.126487,1.39136668362474
200713,"Envelopes","G698C","G776C","1400",131819,0.249585,41.119262,0.343154,0.00343744123747507
200713,"Envelopes","G698C","G777A","1400",111784,0.016102,40.544264,0.015445,0.000154461928629545
200713,"Envelopes","G698C","G778B","1400",130299,0.994635,42.048673,2.08071,0.0210266180673561
200709,"Constructs","none","SARS2","650",78.63805,0.142477,0.044408,4.166667,0.0425596178970568
200709,"Constructs","G627B","SARS2","650",76.245138,0.48996,84.209629,0.484248,0.00485424279570758
200709,"Constructs","G698C","SARS2","650",74.428308,0.280961,59.278824,0.353835,0.00354462476628013
200709,"Constructs","G714C","SARS2","650",75.995803,0.345176,87.054591,0.376679,0.00377390221922716
200709,"Constructs","G719B","SARS2","650",74.159106,0.247129,97.15863,0.273338,0.00273712250445913
200709,"Constructs","none","SARS1","300",80.989776,0.192051,0.571469,1.229508,0.0123712898108456
200709,"Constructs","G627B","SARS1","300",81.984083,6.747259,85.177529,7.604939,0.0790966611500347
200709,"Constructs","G698C","SARS1","300",78.809568,9.919496,53.109163,11.816243,0.125747400932797
200709,"Constructs","G714C","SARS1","300",77.755118,7.861036,89.680284,8.40781,0.087824179951752
200709,"Constructs","G719B","SARS1","300",77.68564,13.189873,97.944706,13.632012,0.146553088092855
200709,"Constructs","none","VSVG","5",79.678738,2.249219,1.208778,11.073826,0.117363666104088
200709,"Constructs","G627B","VSVG","5",81.842343,2.110006,88.011187,2.160864,0.0218455253922376
200709,"Constructs","G698C","VSVG","5",77.932202,1.946297,52.961756,2.139127,0.0216233792594861
200709,"Constructs","G714C","VSVG","5",79.237907,2.594538,92.856314,2.742573,0.0278088362256409
200709,"Constructs","G719B","VSVG","5",78.298295,1.463342,98.652382,1.511712,0.0152325484329355
200710,"Dilutions","G627B","SARS1","0.000316228",173508,0.002305,76.466791,0.002261,2.26102556099369e-05
200710,"Dilutions","G627B","SARS1","0.001",168197,0.005351,76.544171,0.003884,3.88407542923156e-05
200710,"Dilutions","G627B","SARS1","0.003162278",141636,0.026123,76.193199,0.032432,0.000324372603105045
200710,"Dilutions","G627B","SARS1","0.01",156817,0.072059,76.290198,0.083587,0.000836219534118707
200710,"Dilutions","G627B","SARS1","0.031622777",169108,0.246588,75.854484,0.278306,0.00278693991183872
200710,"Dilutions","G627B","SARS1","0.1",174119,1.405935,75.589683,1.553003,0.0156518841614725
200710,"Dilutions","G627B","SARS1","0.316227766",144590,16.506674,74.020333,18.441313,0.203847338989155
200710,"Dilutions","G627B","SARS1","1",28222,52.866558,57.752817,64.94877,1.04835948039855
200714,"Dilutions","G627B","SARS1","0.0001",112265,0.061462,77.429297,0.064423,0.000644437605314977
200714,"Dilutions","G627B","SARS1","0.000316228",111086,0.020705,77.782979,0.024304,0.000243069539006976
200714,"Dilutions","G627B","SARS1","0.001",117589,0.02126,78.251367,0.019562,0.000195639136087794
200714,"Dilutions","G627B","SARS1","0.003162278",104458,0.032549,77.954776,0.030701,0.000307057137218025
200714,"Dilutions","G627B","SARS1","0.01",104641,0.105121,77.818446,0.11298,0.00113043870513799
200714,"Dilutions","G627B","SARS1","0.031622777",106825,0.322958,79.044231,0.350549,0.00351164862695251
200714,"Dilutions","G627B","SARS1","0.1",94499,1.997905,78.04527,2.204686,0.0222935242056668
200714,"Dilutions","G627B","SARS1","0.316227766",110079,17.323922,78.117534,18.704283,0.207076852248856
200714,"Dilutions","G627B","SARS1","1",42829,52.081534,70.898223,59.278775,0.89842073070127
200716,"S1_v_S2","G627B","SARS2","1350",22291,NA,97.801803,0.477042,0.00478183477012159
200716,"S1_v_S2","G627B","SARS1","850",19680,NA,98.267276,4.534878,0.0464092198682086
200716,"S1_v_S2","G627B","SARS1","350",20140,NA,98.182721,1.598058,0.0161096463522737
200716,"S1_v_S2","G627B","SARS1","150",12603,NA,97.984607,0.639728,0.00641783028654086
200717,"S1_v_S2","G627B","SARS2","1400",29071,NA,88.273537,1.531447,0.0154329476672637
200717,"S1_v_S2","G627B","SARS1","200",40757,NA,97.867851,2.261332,0.0228729222315781
200717,"S1_v_S2","G627B","SARS1","1200",24863,NA,97.2811,28.734444,0.338757060845258
200718,"S1_v_S2","G698C","SARS2","1400",16513,NA,94.440744,2.398205,0.0242743013447215
200718,"S1_v_S2","G698C","SARS1","150",25494,NA,96.952224,2.540761,0.0257359569348397
200718,"S1_v_S2","G698C","SARS1","1250",18235,NA,82.709076,57.916722,0.865519721353081
200724,"S1_v_S2","G627B","SARS2","1400",125717,0.184541,93.086854,0.192265,0.00192450066401117
200724,"S1_v_S2","G627B","SARS1","150",177754,0.31898,94.509266,0.33394,0.00334498824056196
200724,"S1_v_S2","G627B","SARS1","1250",139366,26.668628,93.034887,28.083666,0.32966677042758
200925,"ACE2_mut_panel","G758A","VSVG","20",62499,NA,77.746844,5.101768,0.0523651106827386
200925,"ACE2_mut_panel","G755A","VSVG","20",41040,NA,72.11501,5.517638,0.0567570144114793
200925,"ACE2_mut_panel","G756A","VSVG","20",30080,NA,74.614362,3.622349,0.0368958473493194
200925,"ACE2_mut_panel","G757A","VSVG","20",39116,NA,69.265774,6.805935,0.0704861465817302
200925,"ACE2_mut_panel","G820A","VSVG","20",41573,NA,82.252905,4.813569,0.0493327858619581
200925,"ACE2_mut_panel","G821A","VSVG","20",26313,NA,90.715616,4.390448,0.044897454604047
200925,"ACE2_mut_panel","G822A","VSVG","20",39363,NA,83.779183,4.214931,0.0430633691079728
200925,"ACE2_mut_panel","G823B","VSVG","20",41528,NA,89.554036,3.79672,0.0387067332635778
200925,"ACE2_mut_panel","G825C","VSVG","20",50824,NA,64.983079,5.368335,0.0551780407796645
200925,"ACE2_mut_panel","G826A","VSVG","20",41041,NA,89.006116,4.005037,0.0408744646467881
200925,"ACE2_mut_panel","G827A","VSVG","20",29678,NA,92.021026,4.851703,0.0497334904618065
200925,"ACE2_mut_panel","G824D","VSVG","20",40786,NA,82.079635,3.659229,0.0372785819116664
200925,"ACE2_mut_panel","G758A","SARS1","50",45592,NA,82.942183,0.034378,0.000343839105890886
200925,"ACE2_mut_panel","G755A","SARS1","50",60508,NA,78.84412,0.473725,0.00474850633222392
200925,"ACE2_mut_panel","G756A","SARS1","50",45876,NA,86.132182,0.184745,0.00184915864049411
200925,"ACE2_mut_panel","G757A","SARS1","50",45845,NA,74.810775,0.12246,0.00122535043529796
200925,"ACE2_mut_panel","G820A","SARS1","50",34457,NA,87.201439,0.003328,3.32805537915112e-05
200925,"ACE2_mut_panel","G821A","SARS1","50",33457,NA,91.036255,0.019699,0.000197009405078449
200925,"ACE2_mut_panel","G822A","SARS1","50",50339,NA,85.714853,0.794938,0.00798114477335344
200925,"ACE2_mut_panel","G823B","SARS1","50",58845,NA,90.6857,0.007496,7.49628096411653e-05
200925,"ACE2_mut_panel","G825C","SARS1","50",32408,NA,80.316588,0.026893,0.000268966168157009
200925,"ACE2_mut_panel","G826A","SARS1","50",53676,NA,89.846486,0.630365,0.00632360189235233
200925,"ACE2_mut_panel","G827A","SARS1","50",51319,NA,91.930864,0.398491,0.00399287090989841
200925,"ACE2_mut_panel","G824D","SARS1","50",49709,NA,80.389869,0.505493,0.00506774937760402
200925,"ACE2_mut_panel","G758A","SARS2","750",54192,NA,82.633968,0.042429,0.000424380036470661
200925,"ACE2_mut_panel","G755A","SARS2","750",51253,NA,77.558387,0.294332,0.0029476600845751
200925,"ACE2_mut_panel","G756A","SARS2","750",56908,NA,78.814929,0.040132,0.000401400550422956
200925,"ACE2_mut_panel","G757A","SARS2","750",48181,NA,69.986094,0.118624,0.00118694413957624
200925,"ACE2_mut_panel","G820A","SARS2","750",36803,NA,84.044779,0.038796,0.000388035275950766
200925,"ACE2_mut_panel","G821A","SARS2","750",52885,NA,86.744824,0.082834,0.000828683263149939
200925,"ACE2_mut_panel","G822A","SARS2","750",59058,NA,80.996647,0.150517,0.00150630390632175
200925,"ACE2_mut_panel","G823B","SARS2","750",68667,NA,86.271426,0.038825,0.000388325388544929
200925,"ACE2_mut_panel","G825C","SARS2","750",61218,NA,73.311771,0.028966,0.000289701959560636
200925,"ACE2_mut_panel","G826A","SARS2","750",64357,NA,84.50829,0.200416,0.002006171016034
200925,"ACE2_mut_panel","G827A","SARS2","750",36813,NA,88.368239,0.1537,0.00153818239621731
200925,"ACE2_mut_panel","G824D","SARS2","750",57292,NA,75.25658,0.10437,0.00104424503411272
200930,"ACE2_mut_panel","G758A","VSVG","20",23853,NA,76.208443,1.875894,0.0189371207550482
200930,"ACE2_mut_panel","G755A","VSVG","20",15688,NA,73.59128,1.862278,0.0187983673340635
200930,"ACE2_mut_panel","G756A","VSVG","20",29840,NA,71.464477,3.179367,0.0323100635925236
200930,"ACE2_mut_panel","G757A","VSVG","20",15947,NA,74.659811,2.603729,0.0263822614934519
200930,"ACE2_mut_panel","G820A","VSVG","20",35238,NA,63.403144,1.597887,0.0161079085832018
200930,"ACE2_mut_panel","G821A","VSVG","20",80673,NA,71.631153,2.0714,0.0209315442832372
200930,"ACE2_mut_panel","G822A","VSVG","20",39941,NA,69.139481,1.712837,0.0172767573931098
200930,"ACE2_mut_panel","G823B","VSVG","20",70574,NA,72.6429,1.776972,0.0179294971004073
200930,"ACE2_mut_panel","G825C","VSVG","20",48023,NA,55.383879,2.075422,0.0209726158659568
200930,"ACE2_mut_panel","G826A","VSVG","20",63756,NA,75.183512,1.890099,0.0190818968847515
200930,"ACE2_mut_panel","G827A","VSVG","20",55966,NA,76.17482,1.813192,0.0182983177373797
200930,"ACE2_mut_panel","G824D","VSVG","20",69835,NA,66.435169,2.355857,0.0238405099829358
200930,"ACE2_mut_panel","G758A","SARS1","50",44130,NA,74.384772,0.039603,0.00039610844059101
200930,"ACE2_mut_panel","G755A","SARS1","50",55377,NA,78.552468,0.965517,0.00970208336912474
200930,"ACE2_mut_panel","G756A","SARS1","50",111294,NA,70.397326,0.160821,0.00160950455783546
200930,"ACE2_mut_panel","G757A","SARS1","50",27765,NA,77.56528,0.065007,0.000650281387118311
200930,"ACE2_mut_panel","G820A","SARS1","50",68299,NA,67.768196,0.004321,4.32109335789036e-05
200930,"ACE2_mut_panel","G821A","SARS1","50",133332,NA,72.01722,0.00729,7.29026573341896e-05
200930,"ACE2_mut_panel","G822A","SARS1","50",88099,NA,65.328778,1.118949,0.0112525632898912
200930,"ACE2_mut_panel","G823B","SARS1","50",169489,NA,70.555021,0.005017,5.01712585565052e-05
200930,"ACE2_mut_panel","G825C","SARS1","50",143980,NA,52.4809,0.014558,0.000145590597796742
200930,"ACE2_mut_panel","G826A","SARS1","50",134459,NA,72.768651,0.789011,0.00792140162281802
200930,"ACE2_mut_panel","G827A","SARS1","50",118656,NA,75.235976,0.431266,0.00432198634202485
200930,"ACE2_mut_panel","G824D","SARS1","50",115636,NA,65.387077,0.806761,0.00810032926187378
200930,"ACE2_mut_panel","G758A","SARS2","750",75965,NA,75.559797,0.005227,5.22713661240205e-05
200930,"ACE2_mut_panel","G755A","SARS2","750",113877,NA,74.634035,0.068243,0.000682662961345032
200930,"ACE2_mut_panel","G756A","SARS2","750",162117,NA,71.286787,0.006057,6.05718344365625e-05
200930,"ACE2_mut_panel","G821A","SARS2","750",164976,NA,71.842571,0.023624,0.000236267909064377
200930,"ACE2_mut_panel","G822A","SARS2","750",133339,NA,63.313809,0.066333,0.000663550100682718
200930,"ACE2_mut_panel","G823B","SARS2","750",146886,NA,71.188541,0.000956,9.56004569705528e-06
200930,"ACE2_mut_panel","G825C","SARS2","750",110012,NA,53.499618,0.008495,8.49536084555829e-05
200930,"ACE2_mut_panel","G826A","SARS2","750",155646,NA,69.322051,0.085267,0.000853033729840163
200930,"ACE2_mut_panel","G827A","SARS2","750",118088,NA,72.180916,0.063353,0.000633730764928658
200930,"ACE2_mut_panel","G824D","SARS2","750",107143,NA,64.647247,0.064968,0.000649891133502281
201102,"ACE2_mut_panel","G755A","SARS2","200",5298,NA,47.055493,6.538307,0.0676185341784039
201102,"ACE2_mut_panel","G756A","SARS2","200",15244,NA,81.979795,1.936465,0.0195546010572304
201102,"ACE2_mut_panel","G757A","SARS2","200",14031,NA,80.621481,0.795615,0.00798796904518367
201102,"ACE2_mut_panel","G758A","SARS2","200",8738,NA,86.060883,1.369681,0.0137914767173719
201102,"ACE2_mut_panel","G820E","SARS2","200",9354,NA,78.693607,1.005298,0.0101038524370034
201102,"ACE2_mut_panel","G821A","SARS2","200",4997,NA,81.188713,2.341632,0.0236948385325043
201102,"ACE2_mut_panel","G822A","SARS2","200",3686,NA,72.626153,5.229735,0.0537144862663604
201102,"ACE2_mut_panel","G823B","SARS2","200",10352,NA,70.372875,0.864791,0.00868552016354434
201102,"ACE2_mut_panel","G824D","SARS2","200",15323,NA,26.770215,5.582643,0.0574452632125905
201102,"ACE2_mut_panel","G825F","SARS2","200",10878,NA,38.104431,6.68275,0.0691652077645662
201102,"ACE2_mut_panel","G826A","SARS2","200",11212,NA,30.538709,7.827103,0.0815040574251455
201102,"ACE2_mut_panel","G827A","SARS2","200",8396,NA,43.67556,6.135806,0.0633211930488244
201102,"ACE2_mut_panel","G842A","SARS2","200",7826,NA,80.437005,6.513106,0.0673489306413347
201102,"ACE2_mut_panel","G843A","SARS2","200",1956,NA,63.752556,3.127506,0.0317745670362696
201102,"ACE2_mut_panel","G844A","SARS2","200",3586,NA,67.122142,4.279186,0.0437344190141651
201102,"ACE2_mut_panel","G845A","SARS2","200",2678,NA,74.645258,4.702351,0.0481650450970791
201102,"ACE2_mut_panel","G846A","SARS2","200",4877,NA,76.830018,4.510275,0.0461515359128373
201102,"ACE2_mut_panel","G847B","SARS2","200",641,NA,56.630265,3.305785,0.0336166095169337
201102,"ACE2_mut_panel","G848A","SARS2","200",5328,NA,83.089339,4.22408,0.0431588896004772
201102,"ACE2_mut_panel","G849A","SARS2","200",4635,NA,81.316073,4.112497,0.0419945254160131
201102,"ACE2_mut_panel","G755A","SARS1","200",6732,NA,92.038027,5.8102,0.0598582905232811
201102,"ACE2_mut_panel","G756A","SARS1","200",19319,NA,86.873027,3.229458,0.0328275562015525
201102,"ACE2_mut_panel","G757A","SARS1","200",19065,NA,90.348807,2.618287,0.0265317445071698
201102,"ACE2_mut_panel","G758A","SARS1","200",19512,NA,72.447724,2.001981,0.0202229218075451
201102,"ACE2_mut_panel","G820E","SARS1","200",17440,NA,87.207569,1.295286,0.0130374797975798
201102,"ACE2_mut_panel","G821A","SARS1","200",11051,NA,75.015836,1.363088,0.0137246333803511
201102,"ACE2_mut_panel","G822A","SARS1","200",7078,NA,75.671094,8.159074,0.0851121707150524
201102,"ACE2_mut_panel","G823B","SARS1","200",10239,NA,85.232933,1.420878,0.0143106912224235
201102,"ACE2_mut_panel","G824D","SARS1","200",12873,NA,80.571739,5.659468,0.0582592689704326
201102,"ACE2_mut_panel","G825F","SARS1","200",7897,NA,90.74332,7.214625,0.0748811555984044
201102,"ACE2_mut_panel","G826A","SARS1","200",6544,NA,78.805012,7.09715,0.0736158624903164
201102,"ACE2_mut_panel","G827A","SARS1","200",11519,NA,80.753538,4.654913,0.0476673812261716
201102,"ACE2_mut_panel","G842A","SARS1","200",14810,NA,86.218771,6.030229,0.0621970405440492
201102,"ACE2_mut_panel","G843A","SARS1","200",2862,NA,70.090846,7.676969,0.0798765523114365
201102,"ACE2_mut_panel","G844A","SARS1","200",8236,NA,70.483244,14.608096,0.157918890624228
201102,"ACE2_mut_panel","G845A","SARS1","200",5780,NA,63.702422,6.029332,0.0621874949666867
201102,"ACE2_mut_panel","G846A","SARS1","200",11535,NA,76.3329,5.212947,0.053537357783841
201102,"ACE2_mut_panel","G847B","SARS1","200",6853,NA,19.057347,8.192956,0.0854811592792542
201102,"ACE2_mut_panel","G848A","SARS1","200",12314,NA,65.981809,6.843077,0.0708847707145073
201102,"ACE2_mut_panel","G849A","SARS1","200",14598,NA,69.749281,7.552544,0.0785297461106417
201102,"ACE2_mut_panel","G755A","VSVG","200",14936,NA,44.663899,70.933893,1.23559739851379
201102,"ACE2_mut_panel","G756A","VSVG","200",23382,NA,67.522025,64.054978,1.02317958150626
201102,"ACE2_mut_panel","G757A","VSVG","200",22971,NA,62.779156,66.417031,1.09115112252349
201102,"ACE2_mut_panel","G758A","VSVG","200",20834,NA,49.092829,71.78334,1.26525760234407
201102,"ACE2_mut_panel","G820E","VSVG","200",19641,NA,62.079324,70.442057,1.21881767960951
201102,"ACE2_mut_panel","G821A","VSVG","200",7865,NA,67.870312,70.269764,1.21300561089994
201102,"ACE2_mut_panel","G822A","VSVG","200",7606,NA,67.51249,72.989289,1.30893669494617
201102,"ACE2_mut_panel","G823B","VSVG","200",10255,NA,69.741589,71.294743,1.24808990926452
201102,"ACE2_mut_panel","G824D","VSVG","200",13057,NA,65.972275,71.023915,1.23869935138916
201102,"ACE2_mut_panel","G825F","VSVG","200",8379,NA,81.226877,69.379959,1.18351545676533
201102,"ACE2_mut_panel","G826A","VSVG","200",10082,NA,56.943067,72.165128,1.27888056289023
201102,"ACE2_mut_panel","G827A","VSVG","200",12127,NA,62.224788,65.928969,1.07672269354619
201102,"ACE2_mut_panel","G842A","VSVG","200",13594,NA,89.02457,64.881838,1.04645175344263
201102,"ACE2_mut_panel","G843A","VSVG","200",2958,NA,68.323191,83.473528,1.80020672706165
201102,"ACE2_mut_panel","G844A","VSVG","200",8371,NA,83.215864,73.413724,1.32477504319282
201102,"ACE2_mut_panel","G845A","VSVG","200",7608,NA,66.430074,77.146814,1.47607964729528
201102,"ACE2_mut_panel","G846A","VSVG","200",10686,NA,64.514318,77.212068,1.47893908840108
201102,"ACE2_mut_panel","G847B","VSVG","200",3817,NA,23.002358,83.371298,1.79403994754322
201102,"ACE2_mut_panel","G848A","VSVG","200",9130,NA,67.437021,68.637323,1.15955163062873
201102,"ACE2_mut_panel","G849A","VSVG","200",10377,NA,74.443481,66.860841,1.10445455149937
201103,"ACE2_mut_panel","G755A","SARS2","200",13085,NA,37.791364,8.75632,0.0916364561980666
201103,"ACE2_mut_panel","G756A","SARS2","200",18986,NA,78.046982,4.88595,0.0500934881272392
201103,"ACE2_mut_panel","G757A","SARS2","200",17661,NA,87.520525,2.542537,0.0257541801038326
201103,"ACE2_mut_panel","G758A","SARS2","200",31201,NA,89.333675,3.379615,0.0343804421875092
201103,"ACE2_mut_panel","G820E","SARS2","200",21041,NA,79.40212,2.813192,0.028535203897122
201103,"ACE2_mut_panel","G821A","SARS2","200",16611,NA,70.134248,8.300429,0.0866524850354159
201103,"ACE2_mut_panel","G822A","SARS2","200",15574,NA,75.324258,7.237235,0.0751248659380706
201103,"ACE2_mut_panel","G823B","SARS2","200",22964,NA,82.712071,1.584711,0.0159740179832265
201103,"ACE2_mut_panel","G824D","SARS2","200",16650,NA,76.798799,10.377727,0.109566314309453
201103,"ACE2_mut_panel","G825F","SARS2","200",17026,NA,84.553037,10.850236,0.114852488906226
201103,"ACE2_mut_panel","G826A","SARS2","200",13944,NA,69.226908,10.929245,0.115739132101065
201103,"ACE2_mut_panel","G827A","SARS2","200",5334,NA,68.353956,7.103675,0.0736860996159946
201103,"ACE2_mut_panel","G842A","SARS2","200",18324,NA,81.947173,12.380128,0.132162364457092
201103,"ACE2_mut_panel","G843A","SARS2","200",6806,NA,54.451954,11.656773,0.123940651168348
201103,"ACE2_mut_panel","G844A","SARS2","200",7358,NA,62.503398,13.763862,0.148080861833859
201103,"ACE2_mut_panel","G845A","SARS2","200",14975,NA,78.417362,11.445116,0.121547668000742
201103,"ACE2_mut_panel","G846A","SARS2","200",17690,NA,79.14641,8.785087,0.0919517825388585
201103,"ACE2_mut_panel","G847B","SARS2","200",7581,NA,41.841446,11.160151,0.118334886648136
201103,"ACE2_mut_panel","G848A","SARS2","200",21229,NA,85.128833,8.919876,0.0934305833529874
201103,"ACE2_mut_panel","G849A","SARS2","200",18450,NA,83.907859,11.000581,0.116540344367147
201103,"ACE2_mut_panel","G755A","SARS1","200",11361,NA,58.392747,13.11426,0.140576263844906
201103,"ACE2_mut_panel","G756A","SARS1","200",26174,NA,92.847864,4.633364,0.0474413961660742
201103,"ACE2_mut_panel","G757A","SARS1","200",20688,NA,88.225058,3.084593,0.0313316807623588
201103,"ACE2_mut_panel","G758A","SARS1","200",25962,NA,93.328711,1.341312,0.0135038884667451
201103,"ACE2_mut_panel","G820E","SARS1","200",21421,NA,86.35918,1.178442,0.0118544066555068
201103,"ACE2_mut_panel","G821A","SARS1","200",15544,NA,86.908132,1.058554,0.0106419653771935
201103,"ACE2_mut_panel","G822A","SARS1","200",21100,NA,91.962085,9.997939,0.105337615920027
201103,"ACE2_mut_panel","G823B","SARS1","200",25542,NA,83.650458,1.057755,0.0106338899264481
201103,"ACE2_mut_panel","G824D","SARS1","200",21883,NA,69.378056,11.678303,0.124184389422882
201103,"ACE2_mut_panel","G825F","SARS1","200",19249,NA,73.879163,14.738767,0.159450313108868
201103,"ACE2_mut_panel","G826A","SARS1","200",24704,NA,74.1216,10.900552,0.115417046816714
201103,"ACE2_mut_panel","G827A","SARS1","200",20334,NA,88.265958,6.368398,0.0658022312829934
201103,"ACE2_mut_panel","G842A","SARS1","200",30431,NA,86.155565,10.576703,0.111788944915876
201103,"ACE2_mut_panel","G843A","SARS1","200",9581,NA,92.933932,8.243486,0.0860317042983946
201103,"ACE2_mut_panel","G844A","SARS1","200",22588,NA,94.629892,21.469006,0.241676811098325
201103,"ACE2_mut_panel","G845A","SARS1","200",20024,NA,95.914902,5.65969,0.0582616221505185
201103,"ACE2_mut_panel","G846A","SARS1","200",20699,NA,92.096237,6.66212,0.0689441583877394
201103,"ACE2_mut_panel","G847B","SARS1","200",3147,NA,86.336193,11.520059,0.122394315031649
201103,"ACE2_mut_panel","G848A","SARS1","200",17845,NA,92.53012,7.806444,0.0812799494082009
201103,"ACE2_mut_panel","G849A","SARS1","200",19548,NA,92.459587,10.18037,0.107366637686795
201103,"ACE2_mut_panel","G755A","VSVG","200",3009,NA,71.751412,82.306623,1.73197979722237
201103,"ACE2_mut_panel","G756A","VSVG","200",12873,NA,90.957819,82.978905,1.77071672883713
201103,"ACE2_mut_panel","G757A","VSVG","200",12418,NA,89.644065,89.489759,2.25282007081979
201103,"ACE2_mut_panel","G758A","VSVG","200",13724,NA,94.695424,81.04032,1.66285556694078
201103,"ACE2_mut_panel","G820E","VSVG","200",12085,NA,89.813819,82.172471,1.72442635036877
201103,"ACE2_mut_panel","G821A","VSVG","200",5850,NA,87.247863,80.309561,1.62503699800409
201103,"ACE2_mut_panel","G822A","VSVG","200",4114,NA,86.363636,81.705601,1.69857523856211
201103,"ACE2_mut_panel","G823B","VSVG","200",6458,NA,91.018891,88.652603,2.17618180756999
201103,"ACE2_mut_panel","G824D","VSVG","200",13135,NA,93.703845,87.260318,2.06044849690913
201103,"ACE2_mut_panel","G825F","VSVG","200",11335,NA,91.707102,91.120731,2.4214509521923
201103,"ACE2_mut_panel","G826A","VSVG","200",9290,NA,92.723358,89.795681,2.28235912394708
201103,"ACE2_mut_panel","G827A","VSVG","200",10139,NA,88.963409,87.727273,2.09779070257025
201103,"ACE2_mut_panel","G842A","VSVG","200",22792,NA,90.38259,91.980583,2.52330446001878
201103,"ACE2_mut_panel","G843A","VSVG","200",3580,NA,77.709497,85.945363,1.96221780907091
201103,"ACE2_mut_panel","G844A","VSVG","200",14982,NA,89.49406,82.72673,1.75600996606698
201103,"ACE2_mut_panel","G845A","VSVG","200",7908,NA,90.389479,77.644096,1.49807973873908
201103,"ACE2_mut_panel","G846A","VSVG","200",15397,NA,92.017926,90.676172,2.37259691200318
201103,"ACE2_mut_panel","G847B","VSVG","200",1006,NA,77.037773,86.193548,1.98003416685406
201103,"ACE2_mut_panel","G848A","VSVG","200",11295,NA,91.952191,90.025034,2.30509163173928
201103,"ACE2_mut_panel","G849A","VSVG","200",11499,NA,87.711975,93.654571,2.75743547481421
201111,"ACE2_mut_panel","G755A","SARS1","200",826,NA,96.489104,10.664994,0.112776770440037
201111,"ACE2_mut_panel","G756A","SARS1","200",2260,NA,96.017699,3.364055,0.0342194125329191
201111,"ACE2_mut_panel","G757A","SARS1","200",1551,NA,96.969697,0.199468,0.00199667202355838
201111,"ACE2_mut_panel","G758A","SARS1","200",3179,NA,99.024851,0.698856,0.00701309435881503
201111,"ACE2_mut_panel","G820A","SARS1","200",11825,NA,96.389006,0.254431,0.00254755225739428
201111,"ACE2_mut_panel","G821A","SARS1","200",9408,NA,97.289541,0.294985,0.00295420938263861
201111,"ACE2_mut_panel","G822A","SARS1","200",14020,NA,96.476462,8.479965,0.0886122759266068
201111,"ACE2_mut_panel","G823B","SARS1","200",13438,NA,96.859652,0.307314,0.00307787179152177
201111,"ACE2_mut_panel","G824D","SARS1","200",31989,NA,96.070524,6.904855,0.0715481512925482
201111,"ACE2_mut_panel","G825F","SARS1","200",40261,NA,95.978739,11.97143,0.127508765109335
201111,"ACE2_mut_panel","G826A","SARS1","200",29297,NA,97.054306,7.483998,0.0777885618369566
201111,"ACE2_mut_panel","G827A","SARS1","200",23320,NA,95.30446,5.102362,0.0523713700391726
201111,"ACE2_mut_panel","G842A","SARS1","200",14928,NA,95.893623,7.754104,0.0807123918619447
201111,"ACE2_mut_panel","G843A","SARS1","200",12202,NA,95.386002,4.407595,0.0450768146933997
201111,"ACE2_mut_panel","G844A","SARS1","200",31412,NA,96.071565,15.895686,0.173112324248688
201111,"ACE2_mut_panel","G845A","SARS1","200",21182,NA,97.143801,4.49531,0.0459948297596168
201111,"ACE2_mut_panel","G846A","SARS1","200",27272,NA,97.169258,4.879245,0.050022996294761
201111,"ACE2_mut_panel","G847B","SARS1","200",5378,NA,97.805876,7.224335,0.0749858111878414
201111,"ACE2_mut_panel","G848A","SARS1","200",33510,NA,96.36228,6.051222,0.0624204671317815
201111,"ACE2_mut_panel","G849A","SARS1","200",38372,NA,96.526113,9.870677,0.103924624820445
201111,"ACE2_mut_panel","G755A","VSVG","200",2827,NA,96.745667,26.435101,0.307002189774623
201111,"ACE2_mut_panel","G756A","VSVG","200",18775,NA,97.539281,18.505979,0.204640530395585
201111,"ACE2_mut_panel","G757A","VSVG","200",16449,NA,97.805338,17.323471,0.190234433187832
201111,"ACE2_mut_panel","G758A","VSVG","200",14339,NA,99.518795,17.666433,0.194391299975571
201111,"ACE2_mut_panel","G820A","VSVG","200",13666,NA,97.86331,15.739495,0.171256936101276
201111,"ACE2_mut_panel","G821A","VSVG","200",11597,NA,97.921876,15.331103,0.166421865464938
201111,"ACE2_mut_panel","G822A","VSVG","200",17798,NA,97.724463,16.086932,0.175388827790373
201111,"ACE2_mut_panel","G823B","VSVG","200",22946,NA,97.956071,15.575922,0.169317540711836
201111,"ACE2_mut_panel","G824D","VSVG","200",32483,NA,97.136964,17.358096,0.190653321751895
201111,"ACE2_mut_panel","G825F","VSVG","200",41738,NA,97.323782,19.088649,0.21181606274255
201111,"ACE2_mut_panel","G826A","VSVG","200",30725,NA,97.578519,20.876555,0.23416095816552
201111,"ACE2_mut_panel","G827A","VSVG","200",23655,NA,95.827521,21.71784,0.244850450585921
201111,"ACE2_mut_panel","G842A","VSVG","200",19199,NA,96.270639,22.51799,0.255124405607162
201111,"ACE2_mut_panel","G843A","VSVG","200",6094,NA,95.487365,19.60818,0.218257756272699
201111,"ACE2_mut_panel","G844A","VSVG","200",29759,NA,96.626231,19.196661,0.213151897057439
201111,"ACE2_mut_panel","G845A","VSVG","200",17320,NA,97.32679,21.433232,0.24122137493981
201111,"ACE2_mut_panel","G846A","VSVG","200",25891,NA,97.867985,18.67477,0.206713885474053
201111,"ACE2_mut_panel","G847B","VSVG","200",2529,NA,97.548438,18.808269,0.208356778981362
201111,"ACE2_mut_panel","G848A","VSVG","200",29263,NA,97.061135,17.81854,0.196240456810863
201111,"ACE2_mut_panel","G849A","VSVG","200",29786,NA,96.971732,20.475003,0.22909878607687
201119,"ACE2_mut_panel","G755A","SARS2","200",14731,NA,25.986016,3.944619,0.040245275438013
201119,"ACE2_mut_panel","G756A","SARS2","200",13317,NA,18.84058,0.757274,0.0076015587791549
201119,"ACE2_mut_panel","G757A","SARS2","200",15189,NA,22.173942,0.207838,0.00208054282901891
201119,"ACE2_mut_panel","G758A","SARS2","200",12604,NA,92.137417,0.266942,0.00267298925487681
201119,"ACE2_mut_panel","G820A","SARS2","200",10408,NA,22.838201,0.252419,0.00252738113873618
201119,"ACE2_mut_panel","G821A","SARS2","200",11968,NA,21.983623,1.330293,0.0133922066176989
201119,"ACE2_mut_panel","G822A","SARS2","200",6063,NA,21.375557,2.700617,0.0273775380289817
201119,"ACE2_mut_panel","G823B","SARS2","200",4526,NA,20.216527,0.10929,0.00109349765069293
201119,"ACE2_mut_panel","G824D","SARS2","200",5483,NA,25.551705,2.640971,0.026764710653541
201119,"ACE2_mut_panel","G825F","SARS2","200",6937,NA,26.654173,4.218496,0.0431005885450028
201119,"ACE2_mut_panel","G826A","SARS2","200",6824,NA,21.23388,4.623879,0.0473419428483494
201119,"ACE2_mut_panel","G827A","SARS2","200",4040,NA,31.435644,3.307087,0.0336300747357772
201119,"ACE2_mut_panel","G842A","SARS2","200",4853,NA,20.440964,4.233871,0.0432611230271284
201119,"ACE2_mut_panel","G843A","SARS2","200",9056,NA,10.788428,3.070624,0.0311875551397034
201119,"ACE2_mut_panel","G844A","SARS2","200",4902,NA,25.071399,5.126119,0.0526217448082558
201119,"ACE2_mut_panel","G845A","SARS2","200",15818,NA,21.014035,3.399519,0.0345864654859494
201119,"ACE2_mut_panel","G846A","SARS2","200",9683,NA,25.663534,2.052314,0.020736666174711
201119,"ACE2_mut_panel","G847B","SARS2","200",12668,NA,25.371014,2.955818,0.0300038266502189
201119,"ACE2_mut_panel","G848A","SARS2","200",8340,NA,26.954436,1.379004,0.0138860058717853
201119,"ACE2_mut_panel","G849A","SARS2","200",9110,NA,25.488474,2.540913,0.0257375165624347
201119,"ACE2_mut_panel","G755A","SARS1","200",15050,NA,30.33887,29.610162,0.351121279833975
201119,"ACE2_mut_panel","G756A","SARS1","200",17568,NA,22.649135,9.776326,0.102878332159089
201119,"ACE2_mut_panel","G757A","SARS1","200",18523,NA,26.507585,4.663951,0.0477621782280812
201119,"ACE2_mut_panel","G758A","SARS1","200",14777,NA,94.978683,0.869255,0.00873055058768623
201119,"ACE2_mut_panel","G820A","SARS1","200",13661,NA,22.736256,0.354153,0.00354781606328002
201119,"ACE2_mut_panel","G821A","SARS1","200",14654,NA,21.925754,0.342359,0.00342946389461386
201119,"ACE2_mut_panel","G822A","SARS1","200",12925,NA,20.719536,24.570575,0.281972735113293
201119,"ACE2_mut_panel","G823B","SARS1","200",17831,NA,22.943189,0.43999,0.00440960804676061
201119,"ACE2_mut_panel","G824D","SARS1","200",9511,NA,23.677847,22.380107,0.253346438558974
201119,"ACE2_mut_panel","G825F","SARS1","200",10914,NA,23.905076,25.182062,0.290112516923936
201119,"ACE2_mut_panel","G826A","SARS1","200",15879,NA,20.221676,20.554344,0.230096970396938
201119,"ACE2_mut_panel","G827A","SARS1","200",8642,NA,25.410785,17.850638,0.196631107816165
201119,"ACE2_mut_panel","G842A","SARS1","200",11832,NA,23.909736,21.385649,0.240615920521921
201119,"ACE2_mut_panel","G843A","SARS1","200",6530,NA,18.039816,14.685908,0.158830539977062
201119,"ACE2_mut_panel","G844A","SARS1","200",3739,NA,25.835785,46.583851,0.627057070010025
201119,"ACE2_mut_panel","G845A","SARS1","200",10918,NA,23.914636,12.485638,0.133367268950692
201119,"ACE2_mut_panel","G846A","SARS1","200",11417,NA,27.424017,12.264452,0.130843032362548
201119,"ACE2_mut_panel","G847B","SARS1","200",11498,NA,24.821708,20.882971,0.234242049934792
201119,"ACE2_mut_panel","G848A","SARS1","200",9797,NA,25.681331,19.594595,0.218088785694603
201119,"ACE2_mut_panel","G849A","SARS1","200",10267,NA,23.784942,25.880426,0.299490532024038
201119,"ACE2_mut_panel","G755A","VSVG","200",21317,NA,23.788526,47.091303,0.63660245609992
201119,"ACE2_mut_panel","G756A","VSVG","200",49685,NA,16.149743,46.435693,0.624287253909767
201119,"ACE2_mut_panel","G757A","VSVG","200",48479,NA,22.863508,47.320462,0.64094307908313
201119,"ACE2_mut_panel","G758A","VSVG","200",31101,NA,93.881226,42.574834,0.554687546690072
201119,"ACE2_mut_panel","G820A","VSVG","200",39614,NA,15.630838,45.138889,0.600365449134296
201119,"ACE2_mut_panel","G821A","VSVG","200",55490,NA,19.279149,42.447186,0.552467155403958
201119,"ACE2_mut_panel","G822A","VSVG","200",44508,NA,15.720769,45.548092,0.607852295900741
201119,"ACE2_mut_panel","G823B","VSVG","200",55405,NA,20.617273,45.268318,0.602727448616764
201119,"ACE2_mut_panel","G824D","VSVG","200",23565,NA,19.079143,36.699288,0.457273608875943
201119,"ACE2_mut_panel","G825F","VSVG","200",37082,NA,17.248261,38.69606,0.489326071049425
201119,"ACE2_mut_panel","G826A","VSVG","200",27017,NA,14.028204,43.799472,0.576244034114785
201119,"ACE2_mut_panel","G827A","VSVG","200",23353,NA,14.563439,41.928844,0.543501099793492
201119,"ACE2_mut_panel","G842A","VSVG","200",39850,NA,15.19197,44.565576,0.589969413365247
201119,"ACE2_mut_panel","G843A","VSVG","200",39190,NA,10.053585,44.543147,0.589564891009428
201119,"ACE2_mut_panel","G844A","VSVG","200",20346,NA,17.993709,41.327506,0.533199155005447
201119,"ACE2_mut_panel","G845A","VSVG","200",53052,NA,18.315992,45.40496,0.605227149854504
201119,"ACE2_mut_panel","G846A","VSVG","200",44341,NA,22.040549,44.500153,0.588789921996259
201119,"ACE2_mut_panel","G847B","VSVG","200",29047,NA,25.427755,39.845654,0.508256493475925
201119,"ACE2_mut_panel","G848A","VSVG","200",16326,NA,17.98971,43.445693,0.569968823638305
201119,"ACE2_mut_panel","G849A","VSVG","200",17983,NA,14.914086,46.085011,0.61776165767893
201120,"ACE2_mut_panel","G755A","SARS2","200",23564,NA,35.316585,2.859889,0.0290158063904784
201120,"ACE2_mut_panel","G756A","SARS2","200",21393,NA,32.627495,0.386819,0.0038756907961894
201120,"ACE2_mut_panel","G757A","SARS2","200",21266,NA,38.71438,0.48585,0.00487034087930142
201120,"ACE2_mut_panel","G758A","SARS2","200",9280,NA,95.064655,0.124688,0.00124765800165086
201120,"ACE2_mut_panel","G820A","SARS2","200",13791,NA,29.918063,0.193892,0.00194080213865418
201120,"ACE2_mut_panel","G821A","SARS2","200",19617,NA,38.487027,0.927152,0.00931476806599129
201120,"ACE2_mut_panel","G822A","SARS2","200",15088,NA,38.653234,1.54321,0.0155524142614033
201120,"ACE2_mut_panel","G823B","SARS2","200",14018,NA,40.783279,0.2099,0.002101205987953
201120,"ACE2_mut_panel","G824D","SARS2","200",21319,NA,27.759276,2.382562,0.0241140404954897
201120,"ACE2_mut_panel","G825F","SARS2","200",18542,NA,25.62291,3.073037,0.0312124498634207
201120,"ACE2_mut_panel","G826A","SARS2","200",26306,NA,32.631339,2.737651,0.0277582295459266
201120,"ACE2_mut_panel","G827A","SARS2","200",25593,NA,37.088266,3.982301,0.040637646929983
201120,"ACE2_mut_panel","G842A","SARS2","200",28153,NA,30.18506,2.106378,0.0212887866841736
201120,"ACE2_mut_panel","G843A","SARS2","200",21452,NA,14.986948,3.017107,0.0306355838628497
201120,"ACE2_mut_panel","G844A","SARS2","200",3804,NA,23.817035,5.84989,0.0602797625372322
201120,"ACE2_mut_panel","G845A","SARS2","200",22068,NA,35.204821,2.535719,0.0256842238243241
201120,"ACE2_mut_panel","G846A","SARS2","200",20591,NA,48.38036,1.114234,0.0112048808720578
201120,"ACE2_mut_panel","G847B","SARS2","200",15812,NA,38.243107,2.778237,0.0281756004064231
201120,"ACE2_mut_panel","G848A","SARS2","200",15240,NA,39.730971,1.288192,0.0129656114460236
201120,"ACE2_mut_panel","G849A","SARS2","200",15175,NA,36.31631,2.467792,0.0249875240724881
201120,"ACE2_mut_panel","G755A","SARS1","200",27452,NA,41.075331,10.003547,0.105399927545576
201120,"ACE2_mut_panel","G756A","SARS1","200",29413,NA,41.889641,2.589076,0.0262318255711275
201120,"ACE2_mut_panel","G757A","SARS1","200",24729,NA,51.453759,2.043383,0.0206454890043332
201120,"ACE2_mut_panel","G758A","SARS1","200",13529,NA,97.006431,0.327644,0.00328181928268193
201120,"ACE2_mut_panel","G820A","SARS1","200",17256,NA,33.385489,0.08679,0.000868276843262321
201120,"ACE2_mut_panel","G821A","SARS1","200",23171,NA,49.259851,0.131418,0.00131504429184261
201120,"ACE2_mut_panel","G822A","SARS1","200",18462,NA,43.251002,10.494678,0.110872098788026
201120,"ACE2_mut_panel","G823B","SARS1","200",17473,NA,51.696904,0.188199,0.00188376316825259
201120,"ACE2_mut_panel","G824D","SARS1","200",18549,NA,28.745485,9.246062,0.097018319845227
201120,"ACE2_mut_panel","G825F","SARS1","200",17328,NA,25.657895,9.851552,0.103712452238483
201120,"ACE2_mut_panel","G826A","SARS1","200",28054,NA,35.396022,9.254783,0.0971144194662606
201120,"ACE2_mut_panel","G827A","SARS1","200",22299,NA,38.297682,6.498829,0.0671962257077044
201120,"ACE2_mut_panel","G842A","SARS1","200",10456,NA,31.952946,8.709967,0.091128571925791
201120,"ACE2_mut_panel","G843A","SARS1","200",10597,NA,16.495235,6.292906,0.0649962898977041
201120,"ACE2_mut_panel","G844A","SARS1","200",5498,NA,21.735176,23.849372,0.27245685979977
201120,"ACE2_mut_panel","G845A","SARS1","200",21387,NA,36.466078,5.116041,0.0525155252179667
201120,"ACE2_mut_panel","G846A","SARS1","200",25268,NA,51.06063,4.053635,0.0413808485667585
201120,"ACE2_mut_panel","G847B","SARS1","200",16279,NA,42.392039,9.723229,0.102290001182602
201120,"ACE2_mut_panel","G848A","SARS1","200",19396,NA,44.230769,6.993822,0.0725042649336905
201120,"ACE2_mut_panel","G849A","SARS1","200",18297,NA,41.367437,11.639583,0.123746088117297
201120,"ACE2_mut_panel","G755A","VSVG","200",46680,NA,31.261782,19.817721,0.220867655630653
201120,"ACE2_mut_panel","G756A","VSVG","200",48342,NA,23.59439,21.900754,0.247189783478427
201120,"ACE2_mut_panel","G757A","VSVG","200",51582,NA,32.39696,22.374484,0.253273998413547
201120,"ACE2_mut_panel","G758A","VSVG","200",47392,NA,94.226874,21.752956,0.245299133639201
201120,"ACE2_mut_panel","G820A","VSVG","200",41060,NA,21.967852,30.886918,0.369426153306865
201120,"ACE2_mut_panel","G821A","VSVG","200",44728,NA,31.877124,31.357834,0.376263175362207
201120,"ACE2_mut_panel","G822A","VSVG","200",42255,NA,20.911135,32.752377,0.396788513855725
201120,"ACE2_mut_panel","G823B","VSVG","200",25921,NA,30.627676,29.285804,0.346523841162388
201120,"ACE2_mut_panel","G824D","VSVG","200",42414,NA,25.816947,17.013699,0.186494640006216
201120,"ACE2_mut_panel","G825F","VSVG","200",28441,NA,27.776801,19.063291,0.211502707114963
201120,"ACE2_mut_panel","G826A","VSVG","200",50174,NA,21.863914,20.574294,0.230348116983128
201120,"ACE2_mut_panel","G827A","VSVG","200",43193,NA,23.962216,22.057971,0.249204853570598
201120,"ACE2_mut_panel","G842A","VSVG","200",13992,NA,24.313894,19.753086,0.220061879546032
201120,"ACE2_mut_panel","G843A","VSVG","200",11103,NA,13.969198,19.987105,0.222982376803519
201120,"ACE2_mut_panel","G844A","VSVG","200",11157,NA,26.297392,20.892979,0.234368554091566
201120,"ACE2_mut_panel","G845A","VSVG","200",49719,NA,24.312637,20.871939,0.234102620648008
201120,"ACE2_mut_panel","G846A","VSVG","200",50596,NA,29.405487,21.810727,0.246037721759071
201120,"ACE2_mut_panel","G847B","VSVG","200",41586,NA,33.626701,29.919908,0.355531426575429
201120,"ACE2_mut_panel","G848A","VSVG","200",44675,NA,25.945159,29.893883,0.355160134698937
201120,"ACE2_mut_panel","G849A","VSVG","200",35874,NA,23.142108,31.112985,0.372702487268047
201121,"ACE2_mut_panel","G755A","SARS2","200",10603,NA,93.718759,2.868069,0.0291000181990394
201121,"ACE2_mut_panel","G756A","SARS2","200",14808,NA,91.011615,0.563924,0.00565520054573713
201121,"ACE2_mut_panel","G757A","SARS2","200",14518,NA,91.238463,0.377472,0.00378186223449456
201121,"ACE2_mut_panel","G758A","SARS2","200",8436,NA,99.359886,0.274398,0.00274775161418943
201121,"ACE2_mut_panel","G820A","SARS2","200",6346,NA,73.101166,1.314939,0.0132366086538232
201121,"ACE2_mut_panel","G821A","SARS2","200",7388,NA,95.682187,0.792191,0.00795345503743728
201121,"ACE2_mut_panel","G822A","SARS2","200",6697,NA,93.385098,1.215222,0.012226661930001
201121,"ACE2_mut_panel","G823B","SARS2","200",10358,NA,94.632168,0.397878,0.00398671640360824
201121,"ACE2_mut_panel","G824D","SARS2","200",9735,NA,92.593734,2.817839,0.0285830201717546
201121,"ACE2_mut_panel","G825F","SARS2","200",9997,NA,94.478344,2.329275,0.0235683136014077
201121,"ACE2_mut_panel","G826A","SARS2","200",11464,NA,95.010468,2.130004,0.0215301594209066
201121,"ACE2_mut_panel","G827A","SARS2","200",7820,NA,96.227621,3.707641,0.0377812161264481
201121,"ACE2_mut_panel","G842A","SARS2","200",15602,NA,91.27035,2.057584,0.0207904718539921
201121,"ACE2_mut_panel","G843A","SARS2","200",12305,NA,89.069484,2.782847,0.0282230188974917
201121,"ACE2_mut_panel","G844A","SARS2","200",6421,NA,91.979442,4.520826,0.0462620355812753
201121,"ACE2_mut_panel","G845A","SARS2","200",9913,NA,91.647332,3.291139,0.0334651538076357
201121,"ACE2_mut_panel","G846A","SARS2","200",16035,NA,95.466168,1.025608,0.0103090359801604
201121,"ACE2_mut_panel","G847B","SARS2","200",8708,NA,96.681213,2.209289,0.0223405930082651
201121,"ACE2_mut_panel","G848A","SARS2","200",7939,NA,95.553596,1.21276,0.0122017393723933
201121,"ACE2_mut_panel","G849A","SARS2","200",10331,NA,95.411867,2.526124,0.025585782347751
201121,"ACE2_mut_panel","G755A","SARS1","200",13449,NA,96.386348,7.359408,0.0764427818556723
201121,"ACE2_mut_panel","G756A","SARS1","200",15050,NA,95.495017,2.303089,0.0233002446346848
201121,"ACE2_mut_panel","G757A","SARS1","200",12084,NA,96.077458,2.118863,0.0214163312162747
201121,"ACE2_mut_panel","G758A","SARS1","200",12587,NA,99.348534,0.591763,0.00593520855564072
201121,"ACE2_mut_panel","G820A","SARS1","200",3613,NA,97.149184,0.37037,0.00371057567906352
201121,"ACE2_mut_panel","G821A","SARS1","200",12492,NA,98.150817,0.383329,0.00384065588585515
201121,"ACE2_mut_panel","G822A","SARS1","200",10381,NA,97.148637,7.882995,0.0821106235050782
201121,"ACE2_mut_panel","G823B","SARS1","200",14555,NA,96.92889,0.418202,0.00419078910255441
201121,"ACE2_mut_panel","G824D","SARS1","200",10159,NA,97.804902,9.188808,0.0963876480648283
201121,"ACE2_mut_panel","G825F","SARS1","200",11775,NA,97.180467,5.907542,0.0608922913867382
201121,"ACE2_mut_panel","G826A","SARS1","200",14114,NA,97.661896,6.543819,0.0676775119517291
201121,"ACE2_mut_panel","G827A","SARS1","200",8758,NA,97.876227,4.631358,0.0474203617772489
201121,"ACE2_mut_panel","G842A","SARS1","200",15074,NA,94.633143,6.274097,0.0647955888433094
201121,"ACE2_mut_panel","G843A","SARS1","200",14341,NA,95.216512,5.170267,0.0530871866611137
201121,"ACE2_mut_panel","G844A","SARS1","200",5766,NA,96.219216,17.375631,0.190865524759169
201121,"ACE2_mut_panel","G845A","SARS1","200",10398,NA,97.480285,3.729282,0.0380059840355225
201121,"ACE2_mut_panel","G846A","SARS1","200",17207,NA,96.710641,2.90247,0.0294542487074557
201121,"ACE2_mut_panel","G847B","SARS1","200",15483,NA,98.430537,7.250656,0.0752695573018394
201121,"ACE2_mut_panel","G848A","SARS1","200",12275,NA,97.792261,5.498167,0.0565509548511134
201121,"ACE2_mut_panel","G849A","SARS1","200",12401,NA,97.93565,8.398518,0.0877227353995847
201121,"ACE2_mut_panel","G755A","VSVG","200",23376,NA,89.865674,29.356881,0.347529477212988
201121,"ACE2_mut_panel","G756A","VSVG","200",22639,NA,77.80379,31.100261,0.372517796074347
201121,"ACE2_mut_panel","G757A","VSVG","200",16352,NA,81.311155,31.152226,0.373272292490775
201121,"ACE2_mut_panel","G758A","VSVG","200",22031,NA,99.214743,32.98106,0.40019491997828
201121,"ACE2_mut_panel","G820A","VSVG","200",16927,NA,89.041177,34.109607,0.417177536593885
201121,"ACE2_mut_panel","G821A","VSVG","200",30744,NA,86.423367,29.574708,0.35061772597937
201121,"ACE2_mut_panel","G822A","VSVG","200",28539,NA,82.96016,35.618348,0.440341500303744
201121,"ACE2_mut_panel","G823B","VSVG","200",38700,NA,84.338501,31.07632,0.372170380512979
201121,"ACE2_mut_panel","G824D","VSVG","200",36429,NA,84.77312,31.578266,0.37947966329295
201121,"ACE2_mut_panel","G825F","VSVG","200",37642,NA,84.493385,29.595975,0.350919751162971
201121,"ACE2_mut_panel","G826A","VSVG","200",42350,NA,84.495868,29.189023,0.345156154933362
201121,"ACE2_mut_panel","G827A","VSVG","200",23545,NA,88.698237,30.64547,0.365938720524226
201121,"ACE2_mut_panel","G842A","VSVG","200",38796,NA,83.985462,30.08931,0.357951615680262
201121,"ACE2_mut_panel","G843A","VSVG","200",30819,NA,99.127162,29.869067,0.354806219663516
201121,"ACE2_mut_panel","G844A","VSVG","200",15791,NA,91.27351,33.879137,0.413685861093827
201121,"ACE2_mut_panel","G845A","VSVG","200",31473,NA,91.135259,32.018966,0.385941431479811
201121,"ACE2_mut_panel","G846A","VSVG","200",57879,NA,98.878695,31.504456,0.378401493930717
201121,"ACE2_mut_panel","G847B","VSVG","200",26989,NA,91.800363,33.706006,0.411070881134931
201121,"ACE2_mut_panel","G848A","VSVG","200",22385,NA,87.031494,31.659994,0.380674851504637
201121,"ACE2_mut_panel","G849A","VSVG","200",24411,NA,88.537954,33.317911,0.405233799861979
