date,expt,recombined_construct,count
210125,expt0,G752A,6324.55532
210125,expt0,G755A,2667042.864
210203,expt1,G755A,10000
210205,expt2,G755A,8933.671843
210207,expt3,G755A,112468.265
210211,expt4,G755A,76623.73699
210214,expt5,G755A,6324.55532
210216,expt6,G755A,74551.87441
NA,expt7,G755A,200000
210203,expt1,G757A,474
210207,expt2,G757A,796.2143411
210211,expt4,G757A,928.3177667
210216,expt6,G757A,1588.656469
NA,expt7,G757A,632.455532
210125,expt0,G758A,0
210203,expt1,G758A,0
210205,expt2,G758A,0
210207,expt3,G758A,0
210211,expt4,G758A,0
210214,expt5,G758A,0
210216,expt6,G758A,0
NA,expt7,G758A,0
210203,expt1,G820E,0
210205,expt2,G820E,0
210207,expt3,G820E,0
210211,expt4,G820E,0
210214,expt5,G820E,0
NA,expt7,G820E,0
210203,expt1,G821A,6320
210205,expt2,G821A,20000
210207,expt3,G821A,46202.594
210211,expt4,G821A,48640.15027
210214,expt5,G821A,76623.73699
NA,expt7,G821A,0
210203,expt1,G822A,63200
210207,expt3,G822A,112468.265
210211,expt4,G822A,31697.86385
210214,expt5,G822A,103589.4936
NA,expt7,G822A,63245.5532
210203,expt1,G824D,13600
210207,expt3,G824D,86575.22562
210211,expt4,G824D,43088.6938
210214,expt5,G824D,72109.42309
NA,expt7,G824D,20000
210203,expt1,G825F,96100
210207,expt3,G825F,79621.43411
210211,expt4,G825F,7783.840535
210216,expt6,G825F,63245.5532
NA,expt7,G825F,20000
210203,expt1,G875A,29400
210205,expt2,G875A,12408.31821
210207,expt3,G875A,40600
210211,expt4,G875A,4310
NA,expt7,G875A,63245.5532
210203,expt1,G876C,0
210205,expt2,G876C,0
210207,expt3,G876C,632
210211,expt4,G876C,0
NA,expt7,G876C,20000
210216,expt6,G893F,11246.8265
210216,expt6,G895C,51400
210216,expt6,G896C,53700
210216,expt6,G897F,38949.6608
210216,expt6,G898D,522031.4431
210216,expt6,G899A,51388.51422
210216,expt6,G900A,12619.14689