plated,cells,crystal_violet,expt,recombined_construct,count
NA,NA,1/25/21,expt1,G755A,8333
NA,NA,1/25/21,expt1,G755A,66667
NA,NA,1/25/21,expt1,G758A,0
NA,NA,1/25/21,expt1,G752A,83
NA,NA,1/25/21,expt1,G758A,0
2/1/21,10000,2/8/21,expt2,G876C,0
2/1/21,10000,2/8/21,expt2,G820E,0
2/1/21,10000,2/8/21,expt2,G758A,0
2/1/21,10000,2/8/21,expt2,G755A,83
2/1/21,10000,2/8/21,expt2,G755A,100
2/1/21,10000,2/8/21,expt2,G875A,83
2/1/21,10000,2/8/21,expt2,G875A,250
2/1/21,10000,2/8/21,expt2,G821A,417
2/1/21,10000,2/8/21,expt2,G821A,1666.666667
2/1/21,10000,2/8/21,expt3,G755A,1000
2/1/21,10000,2/8/21,expt3,G755A,5000
2/1/21,10000,2/8/21,expt3,G757A,10
2/1/21,10000,2/8/21,expt3,G758A,0
2/1/21,10000,2/8/21,expt3,G820E,0
2/1/21,10000,2/8/21,expt3,G821A,0
2/1/21,10000,2/8/21,expt3,G822A,500
2/1/21,10000,2/8/21,expt3,G822A,5000
2/1/21,10000,2/8/21,expt3,G824D,100
2/1/21,10000,2/8/21,expt3,G825F,500
2/1/21,10000,2/8/21,expt3,G875A,100
2/1/21,10000,2/8/21,expt3,G876C,100
2/1/21,10000,2/8/21,expt3,G758A,0
2/3/21,10000,2/11/21,expt4,G755A,100
2/3/21,10000,2/11/21,expt4,G757A,2
2/3/21,10000,2/11/21,expt4,G820E,0
2/3/21,10000,2/11/21,expt4,G821A,10
2/3/21,10000,2/11/21,expt4,G822A,67
2/3/21,10000,2/11/21,expt4,G822A,167
2/3/21,10000,2/11/21,expt4,G824D,100
2/3/21,10000,2/11/21,expt4,G825F,400
2/3/21,10000,2/11/21,expt4,G825F,2000
2/3/21,10000,2/11/21,expt4,G875A,83.33333333
2/3/21,10000,2/11/21,expt4,G876C,2
2/3/21,10000,2/11/21,expt4,G758A,0
2/7/21,14000,2/14/21,expt5,G758A,0
2/7/21,14000,2/14/21,expt5,G820E,0
2/7/21,14000,2/14/21,expt5,G875A,667
2/7/21,14000,2/14/21,expt5,G876C,2
2/7/21,14000,2/14/21,expt5,G821A,500
2/7/21,14000,2/14/21,expt5,G821A,1667
2/7/21,14000,2/14/21,expt5,G822A,3333
2/7/21,14000,2/14/21,expt5,G824D,833
2/7/21,14000,2/14/21,expt5,G824D,3333
2/7/21,14000,2/14/21,expt5,G825F,833
2/7/21,14000,2/14/21,expt5,G825F,1667
2/7/21,14000,2/14/21,expt5,G755A,3333
2/7/21,14000,2/14/21,expt5,G757A,10
2/11/21,10000,2/16/21,expt6,G821A,625
2/11/21,10000,2/16/21,expt6,G821A,2500
2/11/21,10000,2/16/21,expt6,G822A,625
2/11/21,10000,2/16/21,expt6,G824D,750
2/11/21,10000,2/16/21,expt6,G824D,1250
2/11/21,10000,2/16/21,expt6,G825F,88
2/11/21,10000,2/16/21,expt6,G825F,250
2/11/21,10000,2/16/21,expt6,G875A,13
2/11/21,10000,2/16/21,expt6,G876C,0
2/11/21,10000,2/16/21,expt6,G758A,0
2/11/21,10000,2/16/21,expt6,G820E,0
2/11/21,10000,2/16/21,expt6,G755A,750
2/11/21,10000,2/16/21,expt6,G755A,2500
2/11/21,10000,2/16/21,expt6,G757A,8
2/14/21,10000,2/22/21,expt7,G755A,10
2/14/21,10000,2/22/21,expt7,G755A,13
2/14/21,10000,2/22/21,expt7,G758A,0
2/14/21,10000,2/22/21,expt7,G822A,875
2/14/21,10000,2/22/21,expt7,G822A,1250
2/14/21,10000,2/22/21,expt7,G824D,875
2/14/21,10000,2/22/21,expt7,G824D,1250
2/14/21,10000,2/22/21,expt7,G757A,0
2/14/21,10000,2/22/21,expt7,G821A,100
2/14/21,10000,2/22/21,expt7,G821A,250
2/16/21,10000,2/22/21,expt8,G989D,5000
2/16/21,10000,2/22/21,expt8,G989D,12500
2/16/21,10000,2/22/21,expt8,G899A,750
2/16/21,10000,2/22/21,expt8,G899A,1250
2/16/21,10000,2/22/21,expt8,G900A,88
2/16/21,10000,2/22/21,expt8,G900A,125
2/16/21,10000,2/22/21,expt8,G757A,9
2/16/21,10000,2/22/21,expt8,G820E,0
2/16/21,10000,2/22/21,expt8,G825F,875
2/16/21,10000,2/22/21,expt8,G825F,1250
2/16/21,10000,2/22/21,expt8,G896C,625
2/16/21,10000,2/22/21,expt8,G897F,625
2/16/21,10000,2/22/21,expt8,G893F,250
2/16/21,10000,2/22/21,expt8,G895C,625
2/16/21,10000,2/22/21,expt8,G895C,1250
2/16/21,10000,2/22/21,expt8,G758A,0
2/16/21,10000,2/22/21,expt8,G755A,1250